result_id,report_id,cohort_id,arm_id,result_role,outcome_construct,ascertainment,followup_months,n_employed,n_outcome_observed,action_required
hansen2024_cohort_t240m_paidcomp,hansen2024,opus_1998,cohort,reported,paid_competitive,period_prevalence,240,54,416,"Supply result-specific appraisal, or document valid inheritance without substituting another outcome"
hansen2024_cohort_t240m_paidany,hansen2024,opus_1998,cohort,reported,paid_any,period_prevalence,240,105,416,"Supply result-specific appraisal, or document valid inheritance without substituting another outcome"
hansen2024_cohort_t240m_paidcomp_assessed,hansen2024,opus_1998,cohort,reported,paid_competitive,period_prevalence,240,27,143,"Supply result-specific appraisal, or document valid inheritance without substituting another outcome"
hansen2024_cohort_t240m_paidany_assessed,hansen2024,opus_1998,cohort,reported,paid_any,period_prevalence,240,48,143,"Supply result-specific appraisal, or document valid inheritance without substituting another outcome"
hansen2024_cohort_t240m_paidoredu,hansen2024,opus_1998,cohort,reported,paid_or_education,point_prevalence,240,40,143,"Supply result-specific appraisal, or document valid inheritance without substituting another outcome"
hansen2024b_cohort_t240m_paidcomp,hansen2024b,opus_1998,cohort,reported,paid_competitive,period_prevalence,240,40,174,"Supply result-specific appraisal, or document valid inheritance without substituting another outcome"
hansen2024b_cohort_t240m_paidany,hansen2024b,opus_1998,cohort,reported,paid_any,period_prevalence,240,64,174,"Supply result-specific appraisal, or document valid inheritance without substituting another outcome"
hansen2024b_cohort_t240m_paidoredu,hansen2024b,opus_1998,cohort,reported,paid_or_education,point_prevalence,240,52,174,"Supply result-specific appraisal, or document valid inheritance without substituting another outcome"
rautio2016_cohort_age44_45_paidintensity25,rautio2016,nfbc1966,cohort,derived,paid_intensity_threshold,period_prevalence,,18,161,Define explicit parent appraisal and test construct/time/denominator applicability; otherwise assess separately
majuri2021_dp_t242m_unclear,majuri2021,nfbc1966,dp_psychiatric,reported,unclear,any_time_during_followup,242,15,170,"Supply result-specific appraisal, or document valid inheritance without substituting another outcome"
majuri2021_dp_t157m_unclear,majuri2021,nfbc1966,dp_psychiatric,reported,unclear,any_time_during_followup,157,17,91,"Supply result-specific appraisal, or document valid inheritance without substituting another outcome"
thomson2023_cohort_t240m_paidany,thomson2023,carstairs_1992,cohort,reported,paid_any,point_prevalence,240,0,56,"Supply result-specific appraisal, or document valid inheritance without substituting another outcome"
thomson2023_cohort_t240m_vocact,thomson2023,carstairs_1992,cohort,reported,vocational_activity,point_prevalence,240,8,72,"Supply result-specific appraisal, or document valid inheritance without substituting another outcome"
darjee2017_sz_t120m_paidcomp,darjee2017,carstairs_1992,sz,reported,paid_competitive,point_prevalence,120,0,,"Supply result-specific appraisal, or document valid inheritance without substituting another outcome"
darjee2017_sz_t120m_paidsupp,darjee2017,carstairs_1992,sz,reported,unclear,point_prevalence,120,1,,"Supply result-specific appraisal, or document valid inheritance without substituting another outcome"
darjee2017_sz_t120m_paidcomp_ever,darjee2017,carstairs_1992,sz,reported,paid_competitive,any_time_during_followup,120,2,,"Supply result-specific appraisal, or document valid inheritance without substituting another outcome"
darjee2017_sz_t120m_paidsupp_ever,darjee2017,carstairs_1992,sz,reported,unclear,any_time_during_followup,120,10,,"Supply result-specific appraisal, or document valid inheritance without substituting another outcome"
fowler2019_tau_t24m_paidany,fowler2019,isrep_rct,tau,reported,paid_any,period_prevalence,24,6,37,"Supply result-specific appraisal, or document valid inheritance without substituting another outcome"
fowler2019_srt_t24m_paidany,fowler2019,isrep_rct,srt,reported,paid_any,period_prevalence,24,9,29,"Supply result-specific appraisal, or document valid inheritance without substituting another outcome"
fowler2019_tau_nonaff_t24m_paidany,fowler2019,isrep_rct,tau_nonaff,reported,paid_any,period_prevalence,24,0,24,"Supply result-specific appraisal, or document valid inheritance without substituting another outcome"
fowler2019_srt_nonaff_t24m_paidany,fowler2019,isrep_rct,srt_nonaff,reported,paid_any,period_prevalence,24,5,20,"Supply result-specific appraisal, or document valid inheritance without substituting another outcome"
fowler2019_tau_aff_t24m_paidany,fowler2019,isrep_rct,tau_aff,reported,paid_any,period_prevalence,24,6,13,"Supply result-specific appraisal, or document valid inheritance without substituting another outcome"
fowler2019_srt_aff_t24m_paidany,fowler2019,isrep_rct,srt_aff,reported,paid_any,period_prevalence,24,4,9,"Supply result-specific appraisal, or document valid inheritance without substituting another outcome"
christensen2019_ips_t18m_paidcomp,christensen2019,ips_denmark_rct,ips,reported,paid_competitive,any_time_during_followup,18,92,243,"Supply result-specific appraisal, or document valid inheritance without substituting another outcome"
christensen2019_ipse_t18m_paidcomp,christensen2019,ips_denmark_rct,ipse,reported,paid_competitive,any_time_during_followup,18,80,238,"Supply result-specific appraisal, or document valid inheritance without substituting another outcome"
christensen2019_sau_t18m_paidcomp,christensen2019,ips_denmark_rct,sau,reported,paid_competitive,any_time_during_followup,18,66,239,"Supply result-specific appraisal, or document valid inheritance without substituting another outcome"
christensen2019_ips_t18m_paidoredu,christensen2019,ips_denmark_rct,ips,reported,paid_or_education,any_time_during_followup,18,112,,"Supply result-specific appraisal, or document valid inheritance without substituting another outcome"
christensen2019_ipse_t18m_paidoredu,christensen2019,ips_denmark_rct,ipse,reported,paid_or_education,any_time_during_followup,18,101,,"Supply result-specific appraisal, or document valid inheritance without substituting another outcome"
christensen2019_sau_t18m_paidoredu,christensen2019,ips_denmark_rct,sau,reported,paid_or_education,any_time_during_followup,18,79,,"Supply result-specific appraisal, or document valid inheritance without substituting another outcome"
cunningham2025_cohort_t60m_paidany,cunningham2025,nz_idi,cohort,reported,paid_any,period_prevalence,60,744,2193,"Supply result-specific appraisal, or document valid inheritance without substituting another outcome"
cunningham2025_maori_t60m_paidany,cunningham2025,nz_idi,maori,reported,paid_any,period_prevalence,60,228,918,"Supply result-specific appraisal, or document valid inheritance without substituting another outcome"
cunningham2025_nonmaori_t60m_paidany,cunningham2025,nz_idi,non_maori,reported,paid_any,period_prevalence,60,516,1275,"Supply result-specific appraisal, or document valid inheritance without substituting another outcome"
cunningham2025_cohort_t60m_paidoredu,cunningham2025,nz_idi,cohort,derived,paid_or_education_or_training,period_prevalence,60,1323,2193,Define explicit parent appraisal and test construct/time/denominator applicability; otherwise assess separately
cunningham2025_maori_t60m_paidoredu,cunningham2025,nz_idi,maori,derived,paid_or_education_or_training,period_prevalence,60,477,918,Define explicit parent appraisal and test construct/time/denominator applicability; otherwise assess separately
cunningham2025_nonmaori_t60m_paidoredu,cunningham2025,nz_idi,non_maori,derived,paid_or_education_or_training,period_prevalence,60,846,1275,Define explicit parent appraisal and test construct/time/denominator applicability; otherwise assess separately
twumasi2026_cohort_t0m_paidany,twumasi2026,dk_registers_1998,cohort,reported,paid_any,point_prevalence,0,21930,65630,"Supply result-specific appraisal, or document valid inheritance without substituting another outcome"
twumasi2026_cohort_t0m_edu,twumasi2026,dk_registers_1998,cohort,reported,education_or_training,point_prevalence,0,4230,65630,"Supply result-specific appraisal, or document valid inheritance without substituting another outcome"
twumasi2026_cohort_t120m_paidoredu,twumasi2026,dk_registers_1998,cohort,reported,paid_or_education_or_training,any_time_during_followup,120,38160,,"Supply result-specific appraisal, or document valid inheritance without substituting another outcome"
twumasi2026_cohort_t120m_paidoredu_pw,twumasi2026,dk_registers_1998,cohort,reported,paid_or_education_or_training,period_prevalence,120,,,"Supply result-specific appraisal, or document valid inheritance without substituting another outcome"
tarricone2017_cohort_t12m_paidoredu,tarricone2017,bologna_fep,cohort,reported,paid_or_education,point_prevalence,12,75,135,"Supply result-specific appraisal, or document valid inheritance without substituting another outcome"
tarricone2017_interrupted_t12m_paidoredu,tarricone2017,bologna_fep,interrupted,reported,paid_or_education,any_time_during_followup,12,17,36,"Supply result-specific appraisal, or document valid inheritance without substituting another outcome"
mihaljevicpeles2016_cohort_t0m_paidcomp,mihaljevicpeles2016,croatia_rlai,cohort,reported,paid_competitive,point_prevalence,0,74,362,"Supply result-specific appraisal, or document valid inheritance without substituting another outcome"
mihaljevicpeles2016_cohort_t12m_paidcomp_abstract,mihaljevicpeles2016,croatia_rlai,cohort,reported,paid_competitive,point_prevalence,12,77,257,"Supply result-specific appraisal, or document valid inheritance without substituting another outcome"
mihaljevicpeles2016_cohort_t12m_paidcomp_results,mihaljevicpeles2016,croatia_rlai,pension_excluded,reported,paid_competitive,point_prevalence,12,77,205,"Supply result-specific appraisal, or document valid inheritance without substituting another outcome"
mihaljevicpeles2016_unemployedbaseline_t12m_paidcomp,mihaljevicpeles2016,croatia_rlai,unemployed_baseline,reported,paid_competitive,point_prevalence,12,30,154,"Supply result-specific appraisal, or document valid inheritance without substituting another outcome"
dayabandara2026_fec_t0m_paidany,dayabandara2026,nhsl_colombo_fep,cohort,reported,unclear,point_prevalence,0,51,122,"Supply result-specific appraisal, or document valid inheritance without substituting another outcome"
dayabandara2026_fec_t6m_paidany,dayabandara2026,nhsl_colombo_fep,cohort,reported,unclear,point_prevalence,6,55,98,"Supply result-specific appraisal, or document valid inheritance without substituting another outcome"
dayabandara2026_fec_t12m_paidany,dayabandara2026,nhsl_colombo_fep,cohort,reported,unclear,point_prevalence,12,57,102,"Supply result-specific appraisal, or document valid inheritance without substituting another outcome"
dayabandara2026_rec_t0m_paidany,dayabandara2026,nhsl_colombo_rec,cohort,reported,unclear,point_prevalence,0,43,118,"Supply result-specific appraisal, or document valid inheritance without substituting another outcome"
dayabandara2026_rec_t6m_paidany,dayabandara2026,nhsl_colombo_rec,cohort,reported,unclear,point_prevalence,6,34,100,"Supply result-specific appraisal, or document valid inheritance without substituting another outcome"
dayabandara2026_rec_t12m_paidany,dayabandara2026,nhsl_colombo_rec,cohort,reported,unclear,point_prevalence,12,42,108,"Supply result-specific appraisal, or document valid inheritance without substituting another outcome"
chen2023_cohort_t0m_paidcomp,chen2023,kaisyuan_taiwan,cohort,reported,paid_competitive,point_prevalence,0,14,65,"Supply result-specific appraisal, or document valid inheritance without substituting another outcome"
chen2023_cohort_t0m_paidshelt,chen2023,kaisyuan_taiwan,cohort,reported,paid_sheltered_noncompetitive,point_prevalence,0,31,65,"Supply result-specific appraisal, or document valid inheritance without substituting another outcome"
chen2023_cohort_t0m_voc,chen2023,kaisyuan_taiwan,cohort,reported,training_only,point_prevalence,0,20,65,"Supply result-specific appraisal, or document valid inheritance without substituting another outcome"
chen2023_cohort_t0m_paidany,chen2023,kaisyuan_taiwan,cohort,reported,paid_any,point_prevalence,0,45,65,"Supply result-specific appraisal, or document valid inheritance without substituting another outcome"
chen2023_cohort_t12m_paidcomp,chen2023,kaisyuan_taiwan,cohort,reported,paid_competitive,point_prevalence,12,14,65,"Supply result-specific appraisal, or document valid inheritance without substituting another outcome"
chen2023_cohort_t12m_paidshelt,chen2023,kaisyuan_taiwan,cohort,reported,paid_sheltered_noncompetitive,point_prevalence,12,31,65,"Supply result-specific appraisal, or document valid inheritance without substituting another outcome"
chen2023_cohort_t12m_voc,chen2023,kaisyuan_taiwan,cohort,reported,training_only,point_prevalence,12,20,65,"Supply result-specific appraisal, or document valid inheritance without substituting another outcome"
chen2023_cohort_t12m_paidany,chen2023,kaisyuan_taiwan,cohort,reported,paid_any,point_prevalence,12,45,65,"Supply result-specific appraisal, or document valid inheritance without substituting another outcome"
lin2026_pp1m_t0m_paidcomp,lin2026,pp1m_asiapac,cohort,reported,paid_competitive,point_prevalence,0,133,474,"Supply result-specific appraisal, or document valid inheritance without substituting another outcome"
lin2026_pp1m_t3m_paidcomp,lin2026,pp1m_asiapac,cohort,reported,paid_competitive,point_prevalence,3,133,390,"Supply result-specific appraisal, or document valid inheritance without substituting another outcome"
lin2026_pp1m_t6m_paidcomp,lin2026,pp1m_asiapac,cohort,reported,paid_competitive,point_prevalence,6,129,349,"Supply result-specific appraisal, or document valid inheritance without substituting another outcome"
lin2026_pp1m_t9m_paidcomp,lin2026,pp1m_asiapac,cohort,reported,paid_competitive,point_prevalence,9,127,321,"Supply result-specific appraisal, or document valid inheritance without substituting another outcome"
lin2026_pp1m_t12m_paidcomp,lin2026,pp1m_asiapac,cohort,reported,paid_competitive,point_prevalence,12,121,303,"Supply result-specific appraisal, or document valid inheritance without substituting another outcome"
lin2026_pp1m_t15m_paidcomp,lin2026,pp1m_asiapac,cohort,reported,paid_competitive,point_prevalence,15,119,289,"Supply result-specific appraisal, or document valid inheritance without substituting another outcome"
lin2026_pp1m_t18m_paidcomp,lin2026,pp1m_asiapac,cohort,reported,paid_competitive,point_prevalence,18,127,280,"Supply result-specific appraisal, or document valid inheritance without substituting another outcome"
rautio2016_cohort_age44_45_band_25_49,rautio2016,nfbc1966,cohort,component_only,paid_intensity_threshold,period_prevalence,,5,161,Define explicit parent appraisal and test construct/time/denominator applicability; otherwise assess separately
rautio2016_cohort_age44_45_band_50_74,rautio2016,nfbc1966,cohort,component_only,paid_intensity_threshold,period_prevalence,,5,161,Define explicit parent appraisal and test construct/time/denominator applicability; otherwise assess separately
rautio2016_cohort_age44_45_band_75plus,rautio2016,nfbc1966,cohort,component_only,paid_intensity_threshold,period_prevalence,,8,161,Define explicit parent appraisal and test construct/time/denominator applicability; otherwise assess separately
jirapramukpitak2022_cohort_t12m_paidany,jirapramukpitak2022,bangkok_licm,cohort,derived,paid_any,period_prevalence,12,189,549,Define explicit parent appraisal and test construct/time/denominator applicability; otherwise assess separately
evensen2017_cohort_t24m_paidshelt,evensen2017,jump_norway,cohort,reported,paid_sheltered_noncompetitive,point_prevalence,24,20,139,"Supply result-specific appraisal, or document valid inheritance without substituting another outcome"
evensen2017_cohort_t24m_vocact,evensen2017,jump_norway,cohort,reported,vocational_activity,point_prevalence,24,37,139,"Supply result-specific appraisal, or document valid inheritance without substituting another outcome"
gjerdalen2023_cohort_t60m_vocact_any,gjerdalen2023,jump_norway,cohort,reported,vocational_activity,period_prevalence,60,,,"Supply result-specific appraisal, or document valid inheritance without substituting another outcome"
gjerdalen2023_cohort_t60m_paidshelt,gjerdalen2023,jump_norway,cohort,reported,paid_sheltered_noncompetitive,period_prevalence,60,,,"Supply result-specific appraisal, or document valid inheritance without substituting another outcome"
gjerdalen2023_cohort_t60m_vocact_placement,gjerdalen2023,jump_norway,cohort,reported,vocational_activity,period_prevalence,60,,,"Supply result-specific appraisal, or document valid inheritance without substituting another outcome"
gjerdalen2023_cohort_t10m_paidcomp,gjerdalen2023,jump_norway,cohort,reported,paid_competitive,point_prevalence,10,,,"Supply result-specific appraisal, or document valid inheritance without substituting another outcome"
evensen2019_consentreg_t24m_paidcomp,evensen2019,jump_norway,consent_reg,reported,paid_competitive,point_prevalence,24,16,69,"Supply result-specific appraisal, or document valid inheritance without substituting another outcome"
benson2022_relapse_mostrecent_fulltime,benson2022,us_vha,relapse,component_only,paid_any,unclear,,577,16311,Define explicit parent appraisal and test construct/time/denominator applicability; otherwise assess separately
benson2022_relapse_mostrecent_parttime,benson2022,us_vha,relapse,component_only,paid_any,unclear,,284,16311,Define explicit parent appraisal and test construct/time/denominator applicability; otherwise assess separately
benson2022_relapse_mostrecent_selfemployed,benson2022,us_vha,relapse,component_only,paid_any,unclear,,68,16311,Define explicit parent appraisal and test construct/time/denominator applicability; otherwise assess separately
benson2022_nonrelapse_mostrecent_fulltime,benson2022,us_vha,nonrelapse,component_only,paid_any,unclear,,908,16361,Define explicit parent appraisal and test construct/time/denominator applicability; otherwise assess separately
benson2022_nonrelapse_mostrecent_parttime,benson2022,us_vha,nonrelapse,component_only,paid_any,unclear,,428,16361,Define explicit parent appraisal and test construct/time/denominator applicability; otherwise assess separately
benson2022_nonrelapse_mostrecent_selfemployed,benson2022,us_vha,nonrelapse,component_only,paid_any,unclear,,93,16361,Define explicit parent appraisal and test construct/time/denominator applicability; otherwise assess separately
khare2022b_cohort_t12m_paidany_c_empboth,khare2022b,pune_public,cohort,component_only,paid_any,point_prevalence,12,45,107,Define explicit parent appraisal and test construct/time/denominator applicability; otherwise assess separately
khare2022b_cohort_t12m_paidany_c_newemp,khare2022b,pune_public,cohort,component_only,paid_any,point_prevalence,12,8,107,Define explicit parent appraisal and test construct/time/denominator applicability; otherwise assess separately
andersen2024_fep_cohort_t9m_c_workonly,andersen2024,headspace_hep_fep_au,cohort,component_only,unclear,point_prevalence,9,177,751,Define explicit parent appraisal and test construct/time/denominator applicability; otherwise assess separately
andersen2024_fep_cohort_t9m_c_workstudy,andersen2024,headspace_hep_fep_au,cohort,component_only,unclear,point_prevalence,9,91,751,Define explicit parent appraisal and test construct/time/denominator applicability; otherwise assess separately
andersen2024_fep_cohort_t12m_c_workonly,andersen2024,headspace_hep_fep_au,cohort,component_only,unclear,point_prevalence,12,143,578,Define explicit parent appraisal and test construct/time/denominator applicability; otherwise assess separately
andersen2024_fep_cohort_t12m_c_workstudy,andersen2024,headspace_hep_fep_au,cohort,component_only,unclear,point_prevalence,12,62,578,Define explicit parent appraisal and test construct/time/denominator applicability; otherwise assess separately
khare2021_cohort_t12m_paidany_workboth,khare2021,pune_private,cohort,component_only,paid_any,point_prevalence,12,257,456,Define explicit parent appraisal and test construct/time/denominator applicability; otherwise assess separately
khare2021_cohort_t12m_paidany_newjob,khare2021,pune_private,cohort,component_only,paid_any,point_prevalence,12,30,456,Define explicit parent appraisal and test construct/time/denominator applicability; otherwise assess separately
maguire2021_migrants_discharge_paidoreduc,maguire2021,eppic_melbourne_2011,migrants,component_only,paid_or_education,point_prevalence,,137,293,Define explicit parent appraisal and test construct/time/denominator applicability; otherwise assess separately
maguire2021_ausborn_discharge_paidoreduc,maguire2021,eppic_melbourne_2011,australian_born,component_only,paid_or_education,point_prevalence,,457,903,Define explicit parent appraisal and test construct/time/denominator applicability; otherwise assess separately
martini2017_egworked_t18m_paidany_retention,martini2017,saopaulo_prevoc,eg_worked,component_only,paid_any,point_prevalence,18,7,19,Define explicit parent appraisal and test construct/time/denominator applicability; otherwise assess separately
moncrieff2025_relapsed_t24m_eet,moncrieff2025,radar_trial,relapsed,component_only,paid_or_education_or_training,point_prevalence,24,8,66,Define explicit parent appraisal and test construct/time/denominator applicability; otherwise assess separately
moncrieff2025_notrelapsed_t24m_eet,moncrieff2025,radar_trial,not_relapsed,component_only,paid_or_education_or_training,point_prevalence,24,30,124,Define explicit parent appraisal and test construct/time/denominator applicability; otherwise assess separately
