report_id,cohort_id,relative_calendar_year,n_employed,n_outcome_observed,ascertainment,employment_definition,elapsed_months_lower_approx,elapsed_months_upper_approx,source_filename,source_sheet,source_cell,source_sha256,recorded_date,analysis_admission,notes
hakulinen2020,fi_registers_scz,-10,699,2287,point_prevalence,Working or self-employed in the last week of calendar year relative to year of first hospitalisation,-120,-108,Authors Contacted.xlsx,Sheet1,F8,a66a0a5263fcc2ac5d6ca34b9fe6e63fd5f9ee1f10aa0f8cf090a539f8fb9131,2026-10-01,not admitted; event-aligned calendar years require a documented timing rule; pre-entry and year0 outside landmarks,"Time bounds are approximate calendar support, not observed person-specific elapsed follow-up; last-week offset up to seven days. This is source staging, not an analysis input."
hakulinen2020,fi_registers_scz,-9,770,2648,point_prevalence,Working or self-employed in the last week of calendar year relative to year of first hospitalisation,-108,-96,Authors Contacted.xlsx,Sheet1,F8,a66a0a5263fcc2ac5d6ca34b9fe6e63fd5f9ee1f10aa0f8cf090a539f8fb9131,2026-10-01,not admitted; event-aligned calendar years require a documented timing rule; pre-entry and year0 outside landmarks,"Time bounds are approximate calendar support, not observed person-specific elapsed follow-up; last-week offset up to seven days. This is source staging, not an analysis input."
hakulinen2020,fi_registers_scz,-8,921,3073,point_prevalence,Working or self-employed in the last week of calendar year relative to year of first hospitalisation,-96,-84,Authors Contacted.xlsx,Sheet1,F8,a66a0a5263fcc2ac5d6ca34b9fe6e63fd5f9ee1f10aa0f8cf090a539f8fb9131,2026-10-01,not admitted; event-aligned calendar years require a documented timing rule; pre-entry and year0 outside landmarks,"Time bounds are approximate calendar support, not observed person-specific elapsed follow-up; last-week offset up to seven days. This is source staging, not an analysis input."
hakulinen2020,fi_registers_scz,-7,940,3497,point_prevalence,Working or self-employed in the last week of calendar year relative to year of first hospitalisation,-84,-72,Authors Contacted.xlsx,Sheet1,F8,a66a0a5263fcc2ac5d6ca34b9fe6e63fd5f9ee1f10aa0f8cf090a539f8fb9131,2026-10-01,not admitted; event-aligned calendar years require a documented timing rule; pre-entry and year0 outside landmarks,"Time bounds are approximate calendar support, not observed person-specific elapsed follow-up; last-week offset up to seven days. This is source staging, not an analysis input."
hakulinen2020,fi_registers_scz,-6,1038,3937,point_prevalence,Working or self-employed in the last week of calendar year relative to year of first hospitalisation,-72,-60,Authors Contacted.xlsx,Sheet1,F8,a66a0a5263fcc2ac5d6ca34b9fe6e63fd5f9ee1f10aa0f8cf090a539f8fb9131,2026-10-01,not admitted; event-aligned calendar years require a documented timing rule; pre-entry and year0 outside landmarks,"Time bounds are approximate calendar support, not observed person-specific elapsed follow-up; last-week offset up to seven days. This is source staging, not an analysis input."
hakulinen2020,fi_registers_scz,-5,1165,4362,point_prevalence,Working or self-employed in the last week of calendar year relative to year of first hospitalisation,-60,-48,Authors Contacted.xlsx,Sheet1,F8,a66a0a5263fcc2ac5d6ca34b9fe6e63fd5f9ee1f10aa0f8cf090a539f8fb9131,2026-10-01,not admitted; event-aligned calendar years require a documented timing rule; pre-entry and year0 outside landmarks,"Time bounds are approximate calendar support, not observed person-specific elapsed follow-up; last-week offset up to seven days. This is source staging, not an analysis input."
hakulinen2020,fi_registers_scz,-4,1218,4875,point_prevalence,Working or self-employed in the last week of calendar year relative to year of first hospitalisation,-48,-36,Authors Contacted.xlsx,Sheet1,F8,a66a0a5263fcc2ac5d6ca34b9fe6e63fd5f9ee1f10aa0f8cf090a539f8fb9131,2026-10-01,not admitted; event-aligned calendar years require a documented timing rule; pre-entry and year0 outside landmarks,"Time bounds are approximate calendar support, not observed person-specific elapsed follow-up; last-week offset up to seven days. This is source staging, not an analysis input."
hakulinen2020,fi_registers_scz,-3,1274,5335,point_prevalence,Working or self-employed in the last week of calendar year relative to year of first hospitalisation,-36,-24,Authors Contacted.xlsx,Sheet1,F8,a66a0a5263fcc2ac5d6ca34b9fe6e63fd5f9ee1f10aa0f8cf090a539f8fb9131,2026-10-01,not admitted; event-aligned calendar years require a documented timing rule; pre-entry and year0 outside landmarks,"Time bounds are approximate calendar support, not observed person-specific elapsed follow-up; last-week offset up to seven days. This is source staging, not an analysis input."
hakulinen2020,fi_registers_scz,-2,1292,5789,point_prevalence,Working or self-employed in the last week of calendar year relative to year of first hospitalisation,-24,-12,Authors Contacted.xlsx,Sheet1,F8,a66a0a5263fcc2ac5d6ca34b9fe6e63fd5f9ee1f10aa0f8cf090a539f8fb9131,2026-10-01,not admitted; event-aligned calendar years require a documented timing rule; pre-entry and year0 outside landmarks,"Time bounds are approximate calendar support, not observed person-specific elapsed follow-up; last-week offset up to seven days. This is source staging, not an analysis input."
hakulinen2020,fi_registers_scz,-1,1183,6332,point_prevalence,Working or self-employed in the last week of calendar year relative to year of first hospitalisation,-12,0,Authors Contacted.xlsx,Sheet1,F8,a66a0a5263fcc2ac5d6ca34b9fe6e63fd5f9ee1f10aa0f8cf090a539f8fb9131,2026-10-01,not admitted; event-aligned calendar years require a documented timing rule; pre-entry and year0 outside landmarks,"Time bounds are approximate calendar support, not observed person-specific elapsed follow-up; last-week offset up to seven days. This is source staging, not an analysis input."
hakulinen2020,fi_registers_scz,0,968,6939,point_prevalence,Working or self-employed in the last week of calendar year relative to year of first hospitalisation,0,12,Authors Contacted.xlsx,Sheet1,F8,a66a0a5263fcc2ac5d6ca34b9fe6e63fd5f9ee1f10aa0f8cf090a539f8fb9131,2026-10-01,not admitted; event-aligned calendar years require a documented timing rule; pre-entry and year0 outside landmarks,"Time bounds are approximate calendar support, not observed person-specific elapsed follow-up; last-week offset up to seven days. This is source staging, not an analysis input."
hakulinen2020,fi_registers_scz,1,720,6546,point_prevalence,Working or self-employed in the last week of calendar year relative to year of first hospitalisation,12,24,Authors Contacted.xlsx,Sheet1,F8,a66a0a5263fcc2ac5d6ca34b9fe6e63fd5f9ee1f10aa0f8cf090a539f8fb9131,2026-10-01,not admitted; event-aligned calendar years require a documented timing rule; pre-entry and year0 outside landmarks,"Time bounds are approximate calendar support, not observed person-specific elapsed follow-up; last-week offset up to seven days. This is source staging, not an analysis input."
hakulinen2020,fi_registers_scz,2,660,6208,point_prevalence,Working or self-employed in the last week of calendar year relative to year of first hospitalisation,24,36,Authors Contacted.xlsx,Sheet1,F8,a66a0a5263fcc2ac5d6ca34b9fe6e63fd5f9ee1f10aa0f8cf090a539f8fb9131,2026-10-01,not admitted; event-aligned calendar years require a documented timing rule; pre-entry and year0 outside landmarks,"Time bounds are approximate calendar support, not observed person-specific elapsed follow-up; last-week offset up to seven days. This is source staging, not an analysis input."
hakulinen2020,fi_registers_scz,3,634,5858,point_prevalence,Working or self-employed in the last week of calendar year relative to year of first hospitalisation,36,48,Authors Contacted.xlsx,Sheet1,F8,a66a0a5263fcc2ac5d6ca34b9fe6e63fd5f9ee1f10aa0f8cf090a539f8fb9131,2026-10-01,not admitted; event-aligned calendar years require a documented timing rule; pre-entry and year0 outside landmarks,"Time bounds are approximate calendar support, not observed person-specific elapsed follow-up; last-week offset up to seven days. This is source staging, not an analysis input."
hakulinen2020,fi_registers_scz,4,595,5588,point_prevalence,Working or self-employed in the last week of calendar year relative to year of first hospitalisation,48,60,Authors Contacted.xlsx,Sheet1,F8,a66a0a5263fcc2ac5d6ca34b9fe6e63fd5f9ee1f10aa0f8cf090a539f8fb9131,2026-10-01,not admitted; event-aligned calendar years require a documented timing rule; pre-entry and year0 outside landmarks,"Time bounds are approximate calendar support, not observed person-specific elapsed follow-up; last-week offset up to seven days. This is source staging, not an analysis input."
hakulinen2020,fi_registers_scz,5,552,5297,point_prevalence,Working or self-employed in the last week of calendar year relative to year of first hospitalisation,60,72,Authors Contacted.xlsx,Sheet1,F8,a66a0a5263fcc2ac5d6ca34b9fe6e63fd5f9ee1f10aa0f8cf090a539f8fb9131,2026-10-01,not admitted; event-aligned calendar years require a documented timing rule; pre-entry and year0 outside landmarks,"Time bounds are approximate calendar support, not observed person-specific elapsed follow-up; last-week offset up to seven days. This is source staging, not an analysis input."
hakulinen2020,fi_registers_scz,6,523,5020,point_prevalence,Working or self-employed in the last week of calendar year relative to year of first hospitalisation,72,84,Authors Contacted.xlsx,Sheet1,F8,a66a0a5263fcc2ac5d6ca34b9fe6e63fd5f9ee1f10aa0f8cf090a539f8fb9131,2026-10-01,not admitted; event-aligned calendar years require a documented timing rule; pre-entry and year0 outside landmarks,"Time bounds are approximate calendar support, not observed person-specific elapsed follow-up; last-week offset up to seven days. This is source staging, not an analysis input."
hakulinen2020,fi_registers_scz,7,481,4680,point_prevalence,Working or self-employed in the last week of calendar year relative to year of first hospitalisation,84,96,Authors Contacted.xlsx,Sheet1,F8,a66a0a5263fcc2ac5d6ca34b9fe6e63fd5f9ee1f10aa0f8cf090a539f8fb9131,2026-10-01,not admitted; event-aligned calendar years require a documented timing rule; pre-entry and year0 outside landmarks,"Time bounds are approximate calendar support, not observed person-specific elapsed follow-up; last-week offset up to seven days. This is source staging, not an analysis input."
hakulinen2020,fi_registers_scz,8,456,4412,point_prevalence,Working or self-employed in the last week of calendar year relative to year of first hospitalisation,96,108,Authors Contacted.xlsx,Sheet1,F8,a66a0a5263fcc2ac5d6ca34b9fe6e63fd5f9ee1f10aa0f8cf090a539f8fb9131,2026-10-01,not admitted; event-aligned calendar years require a documented timing rule; pre-entry and year0 outside landmarks,"Time bounds are approximate calendar support, not observed person-specific elapsed follow-up; last-week offset up to seven days. This is source staging, not an analysis input."
hakulinen2020,fi_registers_scz,9,423,4117,point_prevalence,Working or self-employed in the last week of calendar year relative to year of first hospitalisation,108,120,Authors Contacted.xlsx,Sheet1,F8,a66a0a5263fcc2ac5d6ca34b9fe6e63fd5f9ee1f10aa0f8cf090a539f8fb9131,2026-10-01,not admitted; event-aligned calendar years require a documented timing rule; pre-entry and year0 outside landmarks,"Time bounds are approximate calendar support, not observed person-specific elapsed follow-up; last-week offset up to seven days. This is source staging, not an analysis input."
hakulinen2020,fi_registers_scz,10,398,3801,point_prevalence,Working or self-employed in the last week of calendar year relative to year of first hospitalisation,120,132,Authors Contacted.xlsx,Sheet1,F8,a66a0a5263fcc2ac5d6ca34b9fe6e63fd5f9ee1f10aa0f8cf090a539f8fb9131,2026-10-01,not admitted; event-aligned calendar years require a documented timing rule; pre-entry and year0 outside landmarks,"Time bounds are approximate calendar support, not observed person-specific elapsed follow-up; last-week offset up to seven days. This is source staging, not an analysis input."
