report_id,first_author,year,doi,title,journal,source_filename,eligibility_status,exclusion_reason,report_quantifiable,cohort_id,cohort_overlap_notes,notes
hansen2024,Hansen,2024,10.1017/S0033291724002678,Use and discontinuation of antipsychotic medication in 20 years following a first episode of schizophrenia: results from the OPUS trial,Psychological Medicine,S0033291724002678a.pdf,include,not_applicable,yes,opus_1998,shares cohort with: hansen2024b,PILOT. 105/416 at 20y register; strict work definition gives 54/416
hansen2024b,Hansen,2024,10.1017/S0033291724000680,Clinical illness course and family-related outcomes among parents with a first episode of schizophrenia spectrum disorder: a 20-year follow-up of the OPUS trial,Psychological Medicine,clinical-illness-course-and-family-related-outcomes-among-parents-with-a-first-episode-of-schizophrenia-spectrum-disorder-a-20-year-follow-up-of-the-opus-trial.pdf,include,not_applicable,yes,opus_1998,shares cohort with: hansen2024,"PILOT. 64/174; same cohort as hansen2024, smaller denominator"
rautio2016,Rautio,2016,10.1016/j.schres.2016.02.038,Prognosis of schizophrenia spectrum disorder may not be predetermined during early development – the Northern Finland Birth Cohort 1966,Schizophrenia Research,1-s2.0-S0920996416300925-main.pdf,include,not_applicable,yes,nfbc1966,"shares cohort with: majuri2021, majuri2023 | MULTIPLE INCLUDED REPORTS, apply result selection rule",PILOT. 18/161; ZERO EVENT CELLS in Tables 2 and 3; period prevalence over final 2 years
majuri2021,Majuri,2021,10.1007/s00127-020-02009-1,Return to the labour market in schizophrenia and other psychoses: a register-based Northern Finland Birth Cohort 1966 study,Social Psychiatry and Psychiatric Epidemiology,s00127-020-02009-1.pdf,include,not_applicable,yes,nfbc1966,"shares cohort with: majuri2023, rautio2016 | MULTIPLE INCLUDED REPORTS, apply result selection rule",PILOT. CRITICAL denominator restricted to 170 already on disability pension; outcome is pension discontinuation
thomson2023,Thomson,2023,10.3389/fpsyt.2023.1111377,Long-term outcomes of the recovery approach in a high-security mental health setting: a 20 year follow-up study,Frontiers in Psychiatry,fpsyt-14-1111377.pdf,include,not_applicable,no,carstairs_1992,"shares cohort with: darjee2017 | MULTIPLE INCLUDED REPORTS, apply result selection rule",PILOT. ZERO EVENTS no paid employment at 20y; denominator not stated; same cohort as darjee2017
darjee2017,Darjee,2017,10.1080/14789949.2017.1308537,"Schizophrenia in a high-security hospital: long-term forensic, clinical, administrative &amp; social outcomes",The Journal of Forensic Psychiatry &amp; Psychology,Schizophrenia in a high-security hospital  long-term forensic  clinical  administrative   social outcomes.pdf,include,not_applicable,yes,carstairs_1992,"shares cohort with: thomson2023 | MULTIPLE INCLUDED REPORTS, apply result selection rule",PILOT. NEAR-ZERO EVENTS 1 in supported work; denominator not stated; same cohort as thomson2023
fowler2019,Fowler,2019,10.1016/j.schres.2017.10.006,Social Recovery Therapy in improving activity and social outcomes in early psychosis: Current evidence and longer term outcomes,Schizophrenia Research,1-s2.0-S0920996417306151-main.pdf,include,not_applicable,yes,isrep_rct,,"PILOT. ZERO EVENTS 0/24 non-affective TAU; severe social disability, long prior unemployment"
christensen2019,Christensen,2019,10.1001/jamapsychiatry.2019.2291,Effects of Individual Placement and Support Supplemented With Cognitive Remediation and Work-Focused Social Skills Training for People With Severe Mental Illness,JAMA Psychiatry,jamapsychiatry_christensen_2019_oi_190051.pdf,include,not_applicable,yes,ips_denmark_rct,,PILOT. all expressed desire for competitive employment; ever-employed; mixed SMI 76.5% schizophrenia spectrum
cunningham2025,Cunningham,2025,10.1192/bjo.2024.827,Indigenous–non-Indigenous disparities in health and social outcomes 5 years after first episode psychosis: national cohort study,BJPsych Open,S2056472424008275a.pdf,include,not_applicable,yes,nz_idi,,PILOT. 744/2193 at 5y; counts randomly rounded to base 3 by Stats NZ
twumasi2026,Twumasi,2026,10.1017/S0033291726104693,Real-world effectiveness of antipsychotic treatment of functional outcomes over 10 years: A national cohort of patients in Denmark with schizophrenia,Psychological Medicine,real-world-effectiveness-of-antipsychotic-treatment-of-functional-outcomes-over-10-years-a-national-cohort-of-patients-in-denmark-with-schizophrenia.pdf,include,not_applicable,yes,dk_registers_1998,,"PILOT. CO-AUTHOR STUDY; composite employment/education/training; 38160 vs stated 69.1% implies 55200, INCONSISTENT"
tarricone2017,Tarricone,2017,10.1111/eip.12325,Occupation and first episode psychosis in Northern Italy: better outcomes for migrants,Early Intervention in Psychiatry,Early Intervention Psych - 2016 - Tarricone - Occupation and first episode psychosis in Northern Italy  better outcomes for.pdf,include,not_applicable,yes,bologna_fep,,"PILOT. 75/163 at 12m; paper states 46% of total AND 53% of 135, INCONSISTENT"
mihaljevicpeles2016,Mihaljevic-Peles,2016,,Remission and employment status in schizophrenia and other psychoses: one-year prospective study in Croatian patients treated with risperidone long acting injection,Psychiatria Danubina,dnb_vol28_no3_263.pdf,include,not_applicable,yes,croatia_rlai,,PILOT. DENOMINATOR CONFLICT abstract 77/257 vs results 77/205 after excluding 71 pensioners
dayabandara2026,Dayabandara,2026,10.1016/j.ajp.2026.104842,Outcome of first episode and relapsing patients with schizophrenia presenting to a tertiary care hospital in Sri Lanka: A prospective one year follow up study,Asian Journal of Psychiatry,1-s2.0-S1876201826000158-main.pdf,include,not_applicable,yes,nhsl_colombo,,"PILOT. 99/240 at 12m across two parallel cohorts, FEP 57/122 and relapsing 42/118"
chen2023,Chen,2023,10.1007/s11126-023-10020-3,Factors Affecting Employability of Patients with Schizophrenia who had First Participated in Vocational Training: A Pilot Study,Psychiatric Quarterly,s11126-023-10020-3.pdf,include,not_applicable,yes,kaisyuan_taiwan,,"PILOT. whole sample in vocational training by design; zero change at 12m; 14 supported, 31 paid sheltered"
lin2026,Lin,2026,10.1016/j.psychres.2026.116955,"Clinical remission, functional recovery, and employment in early-phase schizophrenia treated with paliperidone palmitate: An 18-month longitudinal Asia-Pacific study",Psychiatry Research,1-s2.0-S0165178126000168-main.pdf,include,not_applicable,yes,pp1m_asiapac,,"PILOT. SUPPLEMENT RESOLVED Table S3 gives observed-case counts at every visit: m12 121/303, m15 119/289, m18 127/280; point prevalence; denominators are completers so attrition is informative"
chan2019,Chan,2019,10.1016/j.schres.2018.08.022,Ten-year follow up of patients with first-episode schizophrenia spectrum disorder from an early intervention service: Predictors of clinical remission and functional recovery,Schizophrenia Research,1-s2.0-S0920996418305140-main (1).pdf,include,not_applicable,no,hk_easy_2001,"Same 148 EASY entrants (1 July 2001 to 30 June 2002, schizophrenia-spectrum) as chan2020 (early intervention group) and chan2022 (EIS group). Participants are near-certainly also inside the larger EASY July 2001 to August 2003 FEP outcome cohort reported by chang2016 (hk_easy_fep_2001_2003); recorded as overlaps_with in report_cohort_map.csv. Not the same sample as chang2016b, which is a later randomised trial of EASY 2-year completers.","Employment is reported ONLY as mean months of full-time employment and mean months of unemployment over the initial 3 years (Tables 1-3, pp. 67-68), used as predictors of 10-year remission/recovery. Employment status WAS collected at the 10-year interview ('Demographic information including age, gender, education level, employment status were obtained', Methods 2.3, p. 66) but no employment count or rate is reported anywhere. No numerator and no denominator recoverable, so report_quantifiable = no and no outcome row is written. 'Months of unemployment including period of unemployment and rehabilitation' (table footnotes), so time in rehabilitation settings is counted as unemployment."
chan2020,Chan,2020,10.1192/bjp.2019.161,Ten-year employment patterns of patients with first-episode schizophrenia-spectrum disorders: comparison of early intervention and standard care services,The British Journal of Psychiatry,ten-year-employment-patterns-of-patients-with-first-episode-schizophrenia-spectrum-disorders-comparison-of-early-intervention-and-standard-care-services.pdf,include,not_applicable,no,hk_easy_2001,"COHORT CONFIRMED, and the report describes TWO separately recruited samples. The early intervention sample IS hk_easy_2001 (EASY, 1 July 2001 to 30 June 2002, schizophrenia-spectrum, 148 identified, 74.3% interviewed, N = 110), identical to chan2019 (which chan2020 cites as reference 22) and to the EIS group of chan2022. The standard care sample is a separately recruited historical control cohort (first presentation to standard care 1 July 2000 to 30 June 2001) and is recorded as hk_standard_care_2000 under D12.5 / codebook rule 11. extraction_reports carries only the index cohort; report_cohort_map.csv is authoritative and carries both.","EMPLOYMENT IS THE STATED OUTCOME BUT NO COUNT IS RECOVERABLE. The 10-year employment history is expressed as months of employment per year, and the reported quantities are (a) hierarchical-cluster memberships (good employment cluster: early intervention 98/145 (67.6%), standard care 76/145 (52.4%)) and (b) mean total months of full-time employment in year 1. A trajectory-cluster membership is NOT a count of people employed at a timepoint and must not be read as one, so no employment prevalence row is written. CONSTRUCT, if a count is ever obtained: 'Patients who were in full-time or part-time competitive paid employment or full-time education (provided by a government-recognised educational institution) at any time during the assessment period were considered as employed for that period. ... Supported employment, volunteer work, working at a rehabilitation centre and part-time education were not included.' (Method, Ten-year employment history, p. 492). That is paid_or_education and explicitly EXCLUDES supported and sheltered paid work, so it could never serve as paid_any."
chan2022,Chan,2022,10.1016/j.ajp.2022.103087,Longitudinal relapse pattern of patients with first-episode schizophrenia-spectrum disorders and its predictors and outcomes: A 10-year follow-up study,Asian Journal of Psychiatry,1-s2.0-S1876201822000855-main.pdf,include,not_applicable,no,hk_easy_2001,"Re-analysis of the same 148 matched pairs as chan2020: the EIS group is hk_easy_2001 and the SCS group is hk_standard_care_2000, so two rows in report_cohort_map.csv. The analysed sample (n = 209) POOLS the two cohorts and is split by relapse timing, not by service, so it is not a whole-cohort analysis unit for either cohort. Table 1 confirms the composition: early intervention service 72 + 35 = 107, standard care service 81 + 21 = 102.","Employment is reported ONLY as mean months of employment and mean months of unemployment over 10 years, by relapse group (Table 2, p. 4). No count of people employed at any timepoint. Cross-sectional 10-year outcomes are PANSS/SANS/CDS/SOFAS/RFS scores only; the RFS 'Work' subscale is a 1-7 functioning rating, not an employment count. No numerator or denominator recoverable, so report_quantifiable = no and no outcome row is written."
chang2016,Chang,2016,10.1016/j.jad.2016.01.050,Three-year clinical and functional outcome comparison between first-episode mania with psychotic features and first-episode schizophrenia,Journal of Affective Disorders,1-s2.0-S016503271531106X-main.pdf,include,not_applicable,yes,hk_easy_fep_2001_2003,"MANIFEST CORRECTED. The manifest recorded this report against hk_easy_2001, but the sample is a DIFFERENT recruited group: 700 patients enrolled in EASY between July 2001 and August 2003 (of whom 515 had schizophrenia or first-episode mania with psychotic features and 420 completed 3-year follow-up), not the 148 schizophrenia-spectrum entrants of 1 July 2001 to 30 June 2002 studied by chan2019/chan2020/chan2022. Different recruitment window and different diagnostic inclusion, so a separate cohort_id (hk_easy_fep_2001_2003) with an overlaps_with row to hk_easy_2001. The two samples almost certainly share the 2001-2002 schizophrenia-spectrum entrants; neither report states the overlap, so it must not be pooled with any hk_easy_2001 result.","The ONLY report in batch F01 with an employment count. Two subgroup results at 36 months (first-episode schizophrenia 111, first-episode psychotic mania 21). Both are BLOCKED (conflict_status = unresolved): the source contradicts itself about what sustained employment counts (Methods include full-time study, both table footnotes omit it) and, for the schizophrenia subgroup, about its denominator (111 with a printed 30.0% is impossible on the stated n = 374). 36 months falls in NO prespecified horizon band (t24m closes at 30, t60m opens at 48), so this report contributes to no landmark horizon even if the conflicts are resolved."
chang2016b,Chang,2016,10.1016/j.schres.2016.03.016,Prediction of functional remission in first-episode psychosis: 12-month follow-up of the randomized-controlled trial on extended early intervention in Hong Kong,Schizophrenia Research,1-s2.0-S0920996416301098-main.pdf,include,not_applicable,no,hk_easy_ext_rct,"MANIFEST CORRECTED. The manifest recorded this report against hk_easy_2001. It is not that sample: it is a single-blinded randomised controlled trial (n = 160; extended EI 82, step-down care 78) recruited from patients who had ALREADY COMPLETED the 2-year EASY programme, so entry to this cohort required 2 years of prior EASY treatment. Recruitment dates are not stated in this report (methods are deferred to Chang et al. 2015), and the service is described as five clinical teams against the four teams described for 2001-2002 in chan2019/chan2020, so a shared recruitment era cannot be assumed. Separate cohort_id hk_easy_ext_rct, no overlaps_with row asserted because overlap cannot be established from this report.","Employment appears ONLY as one necessary component of the composite functional remission outcome: FR required SOFAS > 60, RFS subscale thresholds AND being 'engaged in competitive employment (full-time or part-time work or studying)' at BOTH 6 and 12 months. Only the composite is counted (31/156, 19.9%); the employment component is never counted on its own. A composite of employment AND functioning-scale thresholds is not an employment construct and has no value in the outcome_construct vocabulary, so no outcome row is written. Note also that this source calls full-time study 'competitive employment', which the review's vocabulary does not."
evensen2017,Evensen,2017,10.1080/08039488.2016.1247195,Employment outcome and predictors of competitive employment at 2-year follow-up of a vocational rehabilitation programme for individuals with schizophrenia in a high-income welfare society,Nordic Journal of Psychiatry,Employment outcome and predictors of competitive employment at 2-year follow-up of a vocational rehabilitation programme for individuals with schizoph.pdf,include,not_applicable,yes,jump_norway,Same 148 JUMP participants as gjerdalen2023 (5-year follow-up of the identical cohort); evensen2019 is the 69-participant register-consent subgroup; lystad2017 and klungsyr2021 analyse the 131 participants who completed neurocognitive assessment.,"Primary 2-year employment report for the JUMP cohort. Carries the only printed 2-year employment counts (31/37/20/58) and, in Figure 1, the only printed 2-year observation denominator (78 CBT + 61 CR = 139)."
evensen2019,Evensen,2019,10.1186/s12888-019-2130-7,Exploring the potential cost-effectiveness of a vocational rehabilitation program for individuals with schizophrenia in a high-income welfare society,BMC Psychiatry,1234 3.pdf,include,not_applicable,yes,jump_norway,The 69 JUMP participants (45 CBT + 24 CR) who consented to register extraction; a subgroup of the 148 in evensen2017 and gjerdalen2023.,"Status changed from linked_report to include: this report carries the ONLY cumulative-attainment result for the cohort (21/69 in paid employment at any point during the two-year follow-up), which no sibling report gives. Its Table 1 also supplies the independent confirmation of the 2-year observation denominator (chi-square df 3, n = 139). See manifest_changes.csv."
gjerdalen2023,Gjerdalen,2023,10.1080/08039488.2022.2042598,Vocational rehabilitation augmented with cognitive behavioral therapy or cognitive remediation for individuals with schizophrenia: a 5-year follow-up study,Nordic Journal of Psychiatry,Vocational rehabilitation augmented with cognitive behavioral therapy or cognitive remediation for individuals with schizophrenia  a 5-year follow-up .pdf,include,not_applicable,yes,jump_norway,"Identical 148 JUMP participants as evensen2017, followed to 5 years by register linkage.","Only 5-year report. Employment at 5 years is register-defined as having worked at least one month during the last calendar year, so it is PERIOD prevalence over a 12-month window and not comparable with the 2-year interview-based point prevalence. Also carries the four-timepoint occupational-outcome figure (Figure 1) whose post-intervention column is the cohort's only 9-18 month datapoint, and it is a percentage with no count."
klungsyr2021,Klungsoyr,2021,10.1186/s12888-021-03349-1,G-estimation of causal pathways in vocational rehabilitation for adults with psychotic disorders - a secondary analysis of a randomized trial,BMC Psychiatry,s12888-021-03349-1.pdf,include,not_applicable,no,jump_norway,The 131 JUMP participants (68 CBT + 63 CR) with neurocognitive assessment; same analysis sample as lystad2017.,"report_quantifiable = no. The only occupational outcome is mean number of working hours per week (WHt) at baseline, 30 weeks and 100 weeks. No employment numerator or denominator of any kind is reported, so no outcome row is emitted. Retained as include per D10.2: eligible evidence the review cannot use, visible at the numerator/denominator gate. Useful for design provenance only: it states explicitly that each county was randomised to one of the two augmentations and that a non-augmented control group proved impossible to include."
lystad2017,Lystad,2017,10.1016/j.schres.2016.12.020,Cognitive remediation and occupational outcome in schizophrenia spectrum disorders: A 2 year follow-up study,Schizophrenia Research,1-s2.0-S0920996416305941-main.pdf,linked_report,not_applicable,no,jump_norway,"The 131 JUMP participants with neurocognitive assessment; same analysis sample as klungsyr2021, subgroup of the 148 in evensen2017.","report_quantifiable = no. Occupational status (working sheltered, work placement or competitively versus not working) at baseline, post treatment and follow-up appears ONLY in Figure 3, a 3-D bar chart with a percentage y-axis and no data labels; the text gives competitive employment as arm percentages (post treatment 10% CBT, 5% CR; follow-up 22% CBT, 16% CR) with no counts. Nothing is recoverable without back-calculation. Retained as the source of the construct definitions for competitive, sheltered and work-placement employment, which are quoted in the outcome rows."
ayesaarriola2020,Ayesa-Arriola,2020,10.1038/s41537-020-00120-5,Understanding sex differences in long-term outcomes after a first episode of psychosis,npj Schizophrenia,s41537-020-00120-5.pdf,include,not_applicable,no,pafip_spain,"Same PAFIP cohort as mayoralvanson2019 (Programa Asistencial Fases Iniciales de Psicosis, Marques de Valdecilla University Hospital, Santander, Cantabria). This report describes PAFIP-10: 307 patients referred February 2001 to December 2008 with baseline measures, 209 reassessed 8 to 16 years later. mayoralvanson2019 analyses 'a subsample of 157 patients within PAFIP' whose relation to these 307 is never stated, so the two analysed samples overlap by an unknown amount.","ELIGIBILITY CHANGED from the manifest's linked_report to include with report_quantifiable = no, under D10.2. linked_report means the result used comes from another report of the same cohort, and no other PAFIP report supplies the 8-to-16-year horizon this report covers: the loss is a numerator/denominator loss and must stay visible at that gate. WHY UNQUANTIFIABLE: Table 1 reports 'Unemployed (yes)' and 'Student (yes)' only, by sex. At the 10-year reassessment the denominators are NOT printed; they are recoverable only by dividing the printed count by the printed percentage (35/0.327 = 107 male, 22/0.244 = 90 female), which is a back-calculation from a percentage and is forbidden. Baseline denominators ARE printed (N = 114 male, N = 95 female) so baseline employed is recoverable by complement (114-54 = 60 male, 95-27 = 68 female), but baseline is not a follow-up timepoint. No employment result at 12 months or later can be extracted from this report."
mayoralvanson2019,Mayoral-van Son,2019,10.1111/eip.12752,"Understanding the direct and indirect costs of a first episode of psychosis program: Insights from PAFIP of Cantabria, Spain, during the first year of intervention",Early Intervention in Psychiatry,Early Intervention Psych - 2018 - Mayoral‐van Son - Understanding the direct and indirect costs of a first episode of.pdf,include,not_applicable,yes,pafip_spain,"Same PAFIP cohort as ayesaarriola2020. This report analyses 'A subsample of 157 patients within PAFIP' (Methods 2.2, p. 1183); the basis of that subsampling is not stated and its reference '(15)' is a stray numeric citation that cannot be resolved against the paper's author-year reference list.",Cost-of-illness study; the employment data are a by-product (productivity losses). Sole source of a 12-month paid-employment count for pafip_spain.
basaraba2023,Basaraba,2023,10.1001/jamapsychiatry.2022.3571,Prediction Tool for Individual Outcome Trajectories Across the Next Year in First-Episode Psychosis in Coordinated Specialty Care,JAMA Psychiatry,jamapsychiatry_basaraba_2022_oi_220073_1671567531.00611.pdf,include,not_applicable,yes,ontracky_ny,"Same OnTrackNY cohort as nossel2018, and the overlap is direct rather than merely 'the same network': this report covers all 1298 clients enrolled at 20 OnTrackNY sites from October 2013 to December 2018, which contains nossel2018's 325 clients enrolled at 10 sites from October 2013 to August 2016. The two must never be pooled as independent samples.","ELIGIBILITY CHANGED from the manifest's linked_report to include: this report is the only source of an employment-or-education result for ontracky_ny at any landmark horizon (nossel2018's only count is at 6 months), so the result used does not come from another report. Rates are reported for the training/cross-validation split (1038 of 1298) only; the holdout set's distributions are described as 'similar' with no counts."
nossel2018,Nossel,2018,10.1176/appi.ps.201700436,Results of a Coordinated Specialty Care Program for Early Psychosis and Predictors of Outcomes,Psychiatric Services,nossel-et-al-2018-results-of-a-coordinated-specialty-care-program-for-early-psychosis-and-predictors-of-outcomes.pdf,include,not_applicable,yes,ontracky_ny,Same OnTrackNY cohort as basaraba2023; these 325 clients are inside basaraba2023's 1298-client frame.,"Supplies the only paid-employment count for ontracky_ny, at 6 months (124/260), which falls in no landmark window. At 12 months the paper reports only a model-estimated adjusted prevalence of the education-or-employment composite (Figure 1B) and a Kaplan-Meier cumulative probability of 88 per cent (CI 83-92) of being employed or in school at some time in the year; neither is a count."
benson2022,Benson,2022,10.4088/PCC.21m03173,"Unemployment, Homelessness, and Other Societal Outcomes Among US Veterans With Schizophrenia Relapse: A Retrospective Cohort Study",The Primary Care Companion For CNS Disorders,benson2022.pdf,include,not_applicable,yes,us_vha,"COHORT CONFIRMED us_vha, same source cohort as lin2022. Figure 1 of this report and Figure 1 of lin2022 print the identical patient-selection cascade from the same database and the same study period: 132,153 with two or more schizophrenia diagnoses (1 Jan 2013 to 30 Sep 2019); 127,366 with one in the selection window (1 Jan 2014 to 30 Sep 2019); 125,595 enrolled in VA benefits for 12 months pre-index; 119,601 with a benefit record pre- and post-index; and an overall schizophrenia cohort of 119,343. Both cite the same Veterans Affairs Central IRB approval (1478231-1, 17 December 2019) and this report calls lin2022 'An early phase of this study' (Discussion). The analysed samples differ: lin2022 propensity-matches 102,207 of the 119,343 to non-schizophrenia veterans, this report splits the same 119,343 into a relapse cohort (16,866) and a nonrelapse cohort (102,477) and propensity-matches 16,862 from each. Participants overlap heavily; the two reports are not independent samples.","AUTHORSHIP: the article of record prints Benson C first and Lin D second, while Crossref, PubMed and the article's own 'To cite' line list Lin D first; report_id follows the article of record, as the manifest already decided. PDF is a print of the publisher's free full text with the five figure and table GIFs appended as pages 3 to 7 (Tables 1-3, then Figures 1-2); all five were legible and were read for this extraction."
lin2022,Lin,2022,10.1186/s12888-022-04022-x,"Unemployment, homelessness, and other societal outcomes in patients with schizophrenia: a real-world retrospective cohort study of the United States Veterans Health Administration database",BMC Psychiatry,Unemployment_homelessness_and_other_societal_outco.pdf,include,not_applicable,no,us_vha,"Same us_vha source cohort as benson2022; see benson2022's cohort_overlap_notes for the identical selection cascade. This report's analysed sample is the 102,207 schizophrenia veterans propensity-matched to non-schizophrenia veterans.","WHY UNQUANTIFIABLE: the only labour-market measure is UNEMPLOYMENT, reported as a percentage in a bar chart (Figure 2a, 69.2 per cent for the schizophrenia cohort) with no count and no stated denominator. Employment is not the complement of unemployment here: the sibling report benson2022 uses the same Veterans Benefits Administration employment field and shows it has six categories (full-time, part-time, unemployed, retired, self-employed, missing), with 15.8 per cent retired and 3.3 per cent missing in a cohort of the same median age. Subtracting 69.2 per cent from 100 would count retired and missing veterans as employed. No employment numerator or denominator is recoverable without back-calculation, so no result row is written."
clarke2023,Clarke,2023,10.1007/s11136-022-03277-x,Heterogeneity of quality of life in the later stages of first-episode psychosis recovery,Quality of Life Research,11136_2022_Article_3277.pdf,include,not_applicable,yes,eppic_ips_rct,"Secondary analysis of the same randomised sample as killackey2019 (ACTRN12608000094370, n = 146 randomised); cites killackey2019 as reference 11.","Contributes one result: 37 of 100 currently in paid work at the 18-month follow-up (Table 1, p. 773). Whole trial-derived cohort (54 IPS, 46 TAU) but the cohort is employment-selected, so it cannot enter the primary pool. The three QoL clusters (31/48/21) are cluster memberships, NOT prevalences, and are not recorded as results."
killackey2019,Killackey,2019,10.1192/bjp.2018.191,Individual placement and support for vocational recovery in first-episode psychosis: randomised controlled trial,The British Journal of Psychiatry,individual-placement-and-support-for-vocational-recovery-in-first-episode-psychosis-randomised-controlled-trial.pdf,include,not_applicable,yes,eppic_ips_rct,"Parent trial report for clarke2023. TRIAGE HINT CONFIRMED from both papers: same registry number ACTRN12608000094370, same 146 randomised, same EPPIC site, same 18-month assessment schedule.","Contributes two arm-level results at 6 months (47/66 IPS, 29/60 TAU). Employment counts at 6-12 and 12-18 months are NOT printed: only odds ratios, p-values and a figure of predicted probabilities, so no count is recoverable at any landmark horizon from this report."
harrow2017,Harrow,2017,10.1016/j.psychres.2017.06.069,A 20-Year multi-followup longitudinal study assessing whether antipsychotic medications contribute to work functioning in schizophrenia,Psychiatry Research,1-s2.0-S0165178116321278-main.pdf,include,not_applicable,yes,chicago_followup,"Same participants as jones2024 (Chicago Follow-up Study / Chicago Longitudinal Research Program). harrow2017 analyses 139 of the cohort, jones2024 analyses 256; the two analysis samples overlap and must never be pooled.","Contributes two 20-year subgroup counts (9/36 on antipsychotics, 16/22 not on antipsychotics). The construct is NOT paid employment: carers of dependents and half-time students are scored as working, and paid work counts only at half-time or more, so it is coded vocational_activity. The manifest's '25/58 at 20y' is a cross-subgroup sum the paper never prints and is not written as a result."
jones2024,Jones,2024,10.1017/S0033291724000588,Using latent class analysis to investigate enduring effects of intersectional social disadvantage on long-term vocational and financial outcomes in the 20-year prospective Chicago Longitudinal Study,Psychological Medicine,using-latent-class-analysis-to-investigate-enduring-effects-of-intersectional-social-disadvantage-on-long-term-vocational-and-financial-outcomes-in-the-20-year-prospective-chicago-longitudinal-study.pdf,include,not_applicable,no,chicago_followup,"Same cohort as harrow2017; CONFIRMED from the Parent study section (CLRP, two Chicago hospitals, index hospitalisation plus six follow-ups at approximately 2, 4.5, 7.5, 10, 15 and 20 years), which cites Harrow, Jobe, Faull & Yang 2017.","NO employment count at any timepoint. Work is reported only as mean Strauss-Carpenter and Harrow Functioning Interview scores by latent class and as GEE coefficients. The latent class sizes (105/73/78) are class memberships, NOT a prevalence, and are not recorded as results (Table 1, p. 2448; Table 2, p. 2450)."
khare2022,Khare,2022,10.1016/j.scog.2022.100255,"The relationship between cognitive functioning, age and employment in people with severe mental illnesses in an urban area in India: A longitudinal study",Schizophrenia Research: Cognition,1-s2.0-S2215001322000208-main.pdf,linked_report,not_applicable,yes,pune_public,"Cognitive report of the same 150-participant Pune public-hospital cohort as khare2022b (formerly staged as unknown2022); same inclusion criteria, same site, same 11-13 month follow-up window.","linked_report: the result used for pune_public at 12 months comes from khare2022b, whose analysis population (107) is larger and whose figure is for the whole cohort rather than age subgroups. This report does print its own counts, in the MoCA subsample split at the median age: employed 21/66 younger and 29/67 older at baseline (Table 4, p. 4) and 24/51 younger and 22/43 older at follow-up (Table 5, p. 5). Those are age-subgroup arms on different denominators, so they are named here rather than summed."
khare2022b,Khare,2022,10.1037/prj0000512,A 1-Year Prospective Study of Employment in People With Severe Mental Illnesses Receiving Public Sector Psychiatric Services in India,Psychiatric Rehabilitation Journal,2022-23727-001.pdf,include,not_applicable,yes,pune_public,Same 150-participant cohort as khare2022. This is the employment article of the pair; khare2022 is its cognitive companion.,"STAGED AS unknown2022 AND AS A SUPPLEMENT: the PDF is the full article (Psychiatric Rehabilitation Journal 2022;45(3):237-246, doi 10.1037/prj0000512), not supplementary material. report_id, first_author, doi and title corrected in manifest_changes.csv. Contributes the only result in batch F04 that reaches a landmark horizon: 53 of 107 in paid work at 12 months, derived from two printed cells of the baseline-by-follow-up table."
strassnig2017,Strassnig,2017,10.1016/j.jpsychires.2017.07.011,Health status and mobility limitations are associated with residential and employment status in schizophrenia and bipolar disorder,Journal of Psychiatric Research,1-s2.0-S0022395617304193-main.pdf,linked_report,not_applicable,no,suffolk_county,"Suffolk County Mental Health Project 20-year follow-up; same cohort as strassnig2018. The 128 analysed here are a complete-data subset of the 233 analysed in strassnig2018, so the two reports' figures must never be pooled.","Table 1 (p. 182) prints gainful employment as 60 (20.6%) for schizophrenia (n=80) and 23 (53.4%) for bipolar disorder (n=48). Neither count reproduces its own percentage and the counts sum to 83 of 128 (64.8%) against the text's 32.9% employed. No numerator is recoverable without back-calculating from a percentage, so none was recorded. Abstract says the analysis sample was 122; Results say 128."
strassnig2018,Strassnig,2018,10.1016/j.schres.2018.02.009,Associations of independent living and labor force participation with impairment indicators in schizophrenia and bipolar disorder at 20-year follow-up,Schizophrenia Research,nihms947905.pdf,include,not_applicable,yes,suffolk_county,Suffolk County Mental Health Project 20-year follow-up; same cohort as strassnig2017 and wholly contains strassnig2017's 128 analysed participants.,Selected report for suffolk_county at 240 months: larger analysis population and counts that reproduce printed percentages exactly. The percentage column of Table 1 is shifted by one row; see conflict_note on the two outcome rows and inconsistencies.md.
wang2020b,Wang,2020,10.1016/j.schres.2020.04.026,Frailty affects employment outcomes in patients with schizophrenia in noncompetitive employment: A 4-year longitudinal study,Schizophrenia Research,1-s2.0-S0920996420302334-main.pdf,include,not_applicable,no,yuli_taiwan,"Yuli Hospital therapeutic community, Hualien, Taiwan; overlapping sample with wang2020c (561 here against 525 there, same recruitment window and same inclusion criteria). wang2020 is off the screening list (D10.1) and no figure was taken from it.","Employment is reported only as mean cumulative work duration (months per year) and mean cumulative income (USD per year) at 1, 2, 3 and 4 years. No count of employed persons and no employment proportion is printed anywhere, so no numerator or denominator is recoverable. No outcome row extracted."
wang2020c,Wang,2020,10.1186/s12888-020-02630-z,Symptomatic remission affects employment outcomes in schizophrenia patients,BMC Psychiatry,s12888-020-02630-z (1).pdf,include,not_applicable,no,yuli_taiwan,"Yuli Hospital therapeutic community, Hualien, Taiwan; overlapping sample with wang2020b. Neither report cross-references the other and the recruited totals differ (525/550 here against 561 there).","Employment is reported only as mean cumulative on-the-job duration (months per year) and mean income (NT$ per year) at 1 and 2 years. Table 1's initial employment type (workshop 323, sheltered 68, supported 134 = 525) is a baseline allocation to a rehabilitation stream, not an observed employment status at a follow-up timepoint, and the paper prints no employed/not-employed count at either follow-up. No outcome row extracted."
andersen2024,Andersen,2024,10.1177/00048674241261778,Vocational functioning in young people accessing services for first-episode psychosis and ultra-high risk of psychosis: A longitudinal naturalistic cohort study,Australian & New Zealand Journal of Psychiatry,andersen-et-al-2024-vocational-functioning-in-young-people-accessing-services-for-first-episode-psychosis-and-ultra.pdf,include,not_applicable,yes,headspace_hep_fep_au,"Describes two parallel samples from the headspace Early Psychosis programme: headspace_hep_fep_au (FEP, n=1574) and headspace_hep_uhr_au (UHR, n=1515). The provisional single manifest cohort headspace_hep_au is refuted; see manifest_changes.csv. brown2022 is off the screening list (D10.1) and no figure was imported from it.",Results extracted for the FEP cohort only. The UHR cohort is chr and is barred from the primary synthesis outright (SAP section 7); its figures are in the same Table 2 if a CHR analysis is ever added.
andersen2026,Andersen,2026,10.1016/j.schres.2026.03.017,Factors associated with employment and hospitalizations in early-onset psychosis: a clinical study with register-based follow-up,Schizophrenia Research,1-s2.0-S0920996426000940-main.pdf,include,not_applicable,yes,dk_eop_pooled,"Pools the baseline samples of four Danish clinical studies (EOPC, Attention, DBUP, TEA) with Danish national register follow-up. Thirteen participants were in both Attention and TEA and are counted once. No cohort overlap with any other report in this batch.","paid_any is NOT identified: the register variable classifies supported employment together with unemployment under 'social benefits', so zero paid work is not separable from positive paid work. Bounds 49 <= paid_any <= 155 of 198. Follow-up is a common calendar census date, giving elapsed follow-ups of 4.5 to 23.5 years."
baltazar2022,Baltazar,2022,10.1007/s00127-021-02185-8,Long term course and outcome of first episode schizophrenia: a 27-to-31-year follow-up,Social Psychiatry and Psychiatric Epidemiology,s00127-021-02185-8.pdf,include,not_applicable,yes,iusmm_montreal,"Same IUSMM East-end Montreal incidence cohort as Nicole 1992 (baseline, n=145) and Abdel-Baki 2011 (10-16 year follow-up); neither of those reports is in the frozen screening set.","Cohort triage hint CONFIRMED. Occupational status observed for 43 of the 108 alive at 27-31 years; 6 held jobs on the regular market. The abstract's 'From 15 to 25% might have been employed' is an extrapolation from medication-insurance coverage and is NOT extracted, as the manifest note directs. Follow-up runs from individual first admissions in 1983-1987 to one common end date (2014), so followup_basis is calendar_end_common (D12.8) - a point the triage note did not carry."
bell2018,Bell,2018,10.1038/s41598-018-20094-w,Comparison of focused cognitive training and portable “brain-games” on functional outcomes for vocational rehabilitation participants,Scientific Reports,s41598-018-20094-w.pdf,include,not_applicable,yes,va_ct_vr,"Two recruitment sites (64 veterans at VA Connecticut Healthcare System, 13 non-veterans at Connecticut Mental Health Center) under one protocol, one set of entry criteria and one randomisation; coded as ONE cohort, not two, so prompt rule 11 does not apply. Registered as NCT00829400.","Cohort triage hint CONFIRMED and the work-seeking selection REFUTED as an understatement: four separate D9 triggers are present, not one. Employment-selected, so the sample does not enter the primary prevalence synthesis. No whole-cohort arm row was created: the experimental intervention was explicitly aimed at vocational outcomes, which fails the SAP 2.1 safeguard, and no whole-cohort employment count is printed in any case."
bhullar2018,Bhullar,2018,10.1007/s00127-017-1464-z,Untreated illness and recovery in clients of an early psychosis intervention program: a 10-year prospective cohort study,Social Psychiatry and Psychiatric Epidemiology,s00127-017-1464-z.pdf,include,not_applicable,yes,pepp_ontario_1997,"PEPP London, Ontario also generates mackinley2022, which is not in the frozen screening set (D10.1). This cohort was admitted March 1997 to February 2002, a distinct era, so the triage note's era claim is confirmed.","Cohort triage hint CONFIRMED, and the '35/65 at 10y' figure confirmed as Table 2's employment status at 10-year follow-up. A second, broader result is also present and separately extracted: 32/65 engaged in work and/or school for all 52 weeks of the past year, which is threshold-defined and does not identify the unthresholded composite."
blackman2025,Blackman,2025,10.1016/j.scog.2025.100356,Cognitive predictors and genetic moderators of employment outcomes in people with schizophrenia,Schizophrenia Research: Cognition,1-s2.0-S2215001325000137-main.pdf,include,not_applicable,yes,nimh_ctnb,"Baseline data come from NIMH CTNB studies NCT00001247 and NCT00001486; the size of the source sample from which the 124 recontacted individuals were drawn is not reported, so overlap with other reports of NIMH intramural samples cannot be assessed.","Cohort triage hint CONFIRMED. Triage note 'count not stated' REFUTED: Table 1 prints 'Employed - Follow-up Visit n = 56 (45.2 %)', corroborated exactly by the employment-change cross-classification. No back-calculation was needed. Triage note on the variable recontact interval CONFIRMED and coded calendar_end_common under D12.8."
bonnesen2026,Bonnesen,2026,10.1007/s00127-026-03085-5,The influence of clinical and sociodemographic variables on employment and education for Danish youth with a psychotic disorder: a population-based national registry study,Social Psychiatry and Psychiatric Epidemiology,s00127-026-03085-5.pdf,include,not_applicable,yes,cross_tracks_dk,"CROSS-TRACKS covers the Central Denmark Region and draws on the same national sources (DREAM, Danish National Patient Registry, CPR) as whole-country Danish register reports in this review, so participants resident in the Central Region may appear in both.","Cohort triage hint CONFIRMED, and the composite construct CONFIRMED as employment OR education, so not paid_any. The triage note names only the 5-year result; a 3-year result (505/2577) is also printed and is extracted as a second row. The cohort is additionally employment-SELECTED under D9, which the triage note did not carry: individuals on disability pension at baseline were excluded from the study population."
conus2017,Conus,2017,10.1007/s00127-017-1388-7,Rates and predictors of 18-months remission in an epidemiological cohort of 661 patients with first-episode psychosis,Social Psychiatry and Psychiatric Epidemiology,s00127-017-1388-7.pdf,include,not_applicable,yes,eppic_melbourne_1998,"FEPOS: the same 661 EPPIC patients as Conus 2007 (ref 21, baseline paper) and the 643 of Lambert 2005 (ref 22). Shares a site but not an era with other EPPIC/Orygen cohorts in this review.","Cohort triage hint CONFIRMED, and the broad construct CONFIRMED: the MVSI composite counts paid or unpaid employment, students, homemakers and volunteers, so it is vocational_activity, not paid_any. A second problem the triage note did not carry: the endpoint is discharge or last file entry, with time in service from under 1 week to 208 weeks, so the printed '18 months' is not an elapsed follow-up common to the cohort."
cook2016,Cook,2016,10.1176/appi.ajp.2016.15101359,Long-Term Effects of Evidence-Based Supported Employment on Earnings and on SSI and SSDI Participation Among Individuals With Psychiatric Disabilities,American Journal of Psychiatry,cook-et-al-2016-long-term-effects-of-evidence-based-supported-employment-on-earnings-and-on-ssi-and-ssdi-participation.pdf,include,not_applicable,yes,eidp_usa,"EIDP was a multisite trial at eight sites; detore2019 (cohort hartford_ips_rct) states in its acknowledgements that it 'was one of eight controlled trials of vocational rehabilitation programs, supported by cooperative #UD7 SM51818 ... as part of the Employment Intervention Demonstration Program (EIDP)', so the Hartford participants are EIDP participants and may fall inside the 1,648 enrolled here. Whether any of them are among the 449 in this long-term follow-up cannot be determined: this report says only that six of the eight sites joined the supplemental study and does not name them. Treat eidp_usa and hartford_ips_rct as possibly overlapping and do not pool them.","Cohort confirmed as eidp_usa. Two nested samples: EIDP enrolled 1,648 at eight sites 1996-1998 and followed them 24 months; this report analyses the 449 from six sites who joined a supplemental economic study, consented to SSA data matching, were verified, and had a Disability Analysis File record. The 449 differ from the rest of EIDP on prior work, schizophrenia diagnosis, comorbidity, benefit status and region (Method, p. 1008-1009). The NSTW outcome (ever suspended or terminated from SSI/SSDI for work, 59/449) is a benefit-status outcome, not an employment construct, and is deliberately not extracted as a result. Figure 1 plots the yearly percentage with earned income but prints no counts, so no point-prevalence result is recoverable."
detore2019,DeTore,2019,10.1016/j.psychres.2019.01.017,"Disclosure of mental illness to prospective employers: Clinical, psychosocial, and work correlates in persons receiving supported employment",Psychiatry Research,1-s2.0-S0165178118320961-main.pdf,include,not_applicable,yes,hartford_ips_rct,"The acknowledgements state this project 'was one of eight controlled trials of vocational rehabilitation programs, supported by cooperative #UD7 SM51818 ... as part of the Employment Intervention Demonstration Program (EIDP)', so hartford_ips_rct is an EIDP site and its participants overlap the EIDP cohort described by cook2016 (eidp_usa). Separately, the CT Dual Diagnosis Study (drake2015, ct_dual_diagnosis) recruited 1993-1998 from inner-city Hartford and Bridgeport community mental health centres with overlapping investigators; participant overlap with this Hartford sample is possible but nothing in either report evidences it.","Cohort confirmed as hartford_ips_rct: a secondary analysis of the Hartford study of supported employment (Mueser et al. 2004), 204 participants randomised to IPS, a psychosocial clubhouse programme, or standard brokered vocational rehabilitation at Capitol Regional Mental Health Center, Hartford, Connecticut. The analysed sample of this paper is the 51 of the 68 IPS participants who obtained competitive work, i.e. selected on the outcome itself, so no employment proportion can be taken from it. The one extractable employment result is the 51 of 68 stated in Methods 2.1. Recruitment years, the diagnostic composition of the 204 and the outcomes of the clubhouse and standard vocational arms are not reported here."
domenicano2025,Domenicano,2025,10.3389/fnbeh.2025.1642460,Sex differences in outcomes of first episode psychosis: results from an early intervention service,Frontiers in Behavioral Neuroscience,fnbeh-19-1642460.pdf,include,not_applicable,yes,eis_ferrara,"Ferrara is one of the Emilia-Romagna regional FEP programmes; the authors cite their own earlier Ferrara cohort papers (Belvederi Murri 2021, Ferrara 2019, 2024) which draw on the same service, so later reports of a Ferrara or Emilia-Romagna FEP cohort should be checked against eis_ferrara before pooling.","Cohort confirmed as eis_ferrara. Five internal contradictions recorded in inconsistencies.md, three of which touch the employment results: the number screened (219 in Results 3.1 against 232 in Figure 1), the 24-month denominator (104 with 78 men in Results 3.2 against 101 with 76 men and 25 women in Figure 1 and Table 2, while Figure 1's own subtractions give 102 with 26 women), and the 12-month male NEET cell (printed 50 where the total and the printed 24.5% both require 25)."
drake2015,Drake,2015,10.1093/schbul/sbv110,Longitudinal Course of Clients With Co-occurring Schizophrenia-Spectrum and Substance Use Disorders in Urban Mental Health Centers: A 7-Year Prospective Study,Schizophrenia Bulletin,sbv110.pdf,include,not_applicable,no,ct_dual_diagnosis,"Recruited 1993-1998 from two inner-city community mental health centres in Hartford and Bridgeport, Connecticut. detore2019's Hartford IPS trial (hartford_ips_rct) ran in the same city and era with overlapping investigators and the same state mental health authority; overlap is possible but neither report evidences it. The report also compares against a parallel New Hampshire Dual Diagnosis Study, which is a different cohort and contributes no result here.","Cohort confirmed as ct_dual_diagnosis. report_quantifiable = no: the counts in Table 3 are printed, but no cell of the competitive-employment row is consistent with its own printed percentage on the column N (20/150 = 13% against 14%; 15/72 = 21% against 16%; 20/70 = 29% against 23%; 27/90 = 30% against 28%), so each cell has an unprinted denominator of its own and no numerator-denominator pair is recoverable without back-calculating. The triage figure of 27/90 at seven years is therefore not the proportion the paper reports. Advance Access 19 August 2015; the journal issue is 2016;42(1):202-211. report_id retains 2015."
falk2016,Falk,2016,10.1007/s00127-015-1141-z,"Employment and income among first-time cases diagnosed with non-affective psychosis in Stockholm, Sweden: a follow-up study 2004/2005-2010",Social Psychiatry and Psychiatric Epidemiology,s00127-015-1141-z.pdf,include,not_applicable,no,stockholm_2005,"Stockholm County Psychiatric Care System register cases 2005-2006 linked to LISA. Other Swedish register studies in the review (stockholm_2000, se_registers) may draw on overlapping populations and periods; check before pooling.","Cohort confirmed as stockholm_2005. report_quantifiable = no. Employment is reported only as age-standardised NON-employment rates with confidence intervals, directly standardised to the Stockholm County 2005 population. A standardised rate is not a crude proportion, so neither its numerator nor its denominator exists to be read off, and its complement is not the employment proportion. No count of employed people appears anywhere in the report. The only counts printed for employment-adjacent variables are benefit receipt (study aid n = 147, sickness benefit n = 60, unemployment benefit n = 51 and so on), from which the number non-employed at baseline could only be obtained by dividing a count by a rounded percentage, which is barred."
fulford2018,Fulford,2018,10.1093/schbul/sbx096,Prospective Relationships Between Motivation and Functioning in Recovery After a First Episode of Schizophrenia,Schizophrenia Bulletin,sbx096.pdf,include,not_applicable,no,raise_etp,RAISE-ETP is a multi-report cohort. Any other RAISE-ETP or NAVIGATE report in the review shares these 404 participants and must share cohort_id raise_etp; OnTrackNY (ontracky_ny) is a different programme and a different cohort.,"Cohort confirmed as raise_etp. report_quantifiable = no. Table 1 prints only percentages for the SURF work-or-school variable with no numerator, and its footnote gives a single range across all variables ('Ns range from 257 (12 mo) to 404 (baseline)') rather than a denominator per variable per timepoint. The measure is also a composite of paid work OR being a student, combined from three SURF items and then aggregated across 6-month blocks, so the printed percentage is the mean of an aggregated score and need not be a person-level proportion at all: 39.8% is not n/404 for any integer n. RAISE-ETP is cluster randomised by site (34 sites); this report pools both allocation groups and enters treatment group as a moderator."
greenwood2025,Greenwood,2025,10.1192/bjp.2024.154,The Early Youth Engagement (EYE-2) intervention in first-episode psychosis services: pragmatic cluster randomised controlled trial and cost-effectiveness evaluation,The British Journal of Psychiatry,the-early-youth-engagement-eye-2-intervention-in-first-episode-psychosis-services-pragmatic-cluster-randomised-controlled-trial-and-cost-effectiveness-evaluation.pdf,include,not_applicable,no,eye2_trial,No other report of this cohort is in the batch. The trial is ISRCTN51629746; the protocol (Trials 2021;22:272) and SAP (Trials 2021;22:732) are cited but are separate publications and are not in the frozen screening set.,"Employment appears ONLY as Table 2's adjusted difference in mean days over 12 months, estimated on multiply-imputed data in the 232 of 1027 participants who consented to the societal cost-effectiveness interview. No employment count or prevalence exists anywhere in the report, so report_quantifiable = no. The Table 2 row is labelled 'Paid and unpaid employment', which is a broader construct than paid_any."
hakulinen2019,Hakulinen,2019,10.1007/s00127-019-01756-0,"The association between early-onset schizophrenia with employment, income, education, and cohabitation status: nationwide study with 35 years of follow-up",Social Psychiatry and Psychiatric Epidemiology,s00127-019-01756-0.pdf,include,not_applicable,no,dk_registers_birth,"Danish national registers. Shares the source registers, but not necessarily participants, with other Danish register reports in the review (bonnesen2026 cross_tracks_dk, sturup2022). This cohort is a 1955-1991 birth cohort with a first schizophrenia diagnosis between ages 15 and 25, so overlap with a first-episode service cohort is possible but not established by either report.","The Online Appendix (Tables 1-3) is cited in the Results and is NOT present in the 9-page PDF held in Data Extraction Papers/. The article itself prints absolute employment figures only as whole-number percentages in the text ('at the age of 25, 87% of the individuals with schizophrenia were not employed') and as an unlabelled line graph (Fig. 1, right panel). No numerator and no denominator appear anywhere in the held PDF, so report_quantifiable = no."
hakulinen2020,Hakulinen,2020,10.1176/appi.ps.201900239,Employment Status and Personal Income Before and After Onset of a Severe Mental Disorder: A Case-Control Study,Psychiatric Services,hakulinen-et-al-2019-employment-status-and-personal-income-before-and-after-onset-of-a-severe-mental-disorder-a-case.pdf,include,not_applicable,yes,fi_registers_scz,"ONE report describing THREE separately ascertained national case groups (schizophrenia F20; other nonaffective psychosis F22-F29; bipolar disorder F30-F31), each with its own separately drawn 1:5 matched control group. extraction_reports.csv holds only one cohort_id; report_cohort_map.csv is the authority and carries both psychosis cohorts. The bipolar group is not extracted (fails SAP section 7). No participant is in more than one group ('an individual was categorized only into one diagnostic group').","Employment counts are printed for the diagnosis year (year 0) only: 'on average, 14% (N=968) of individuals with schizophrenia, 33% (N=11,335) of individuals with other nonaffective psychosis ... were employed' (Results, p. 251), against Table 1's year-0 denominators of 6,939 and 34,565. Every other year is a line in Figure 1 with no counts and is NOT extracted."
hui2026,Hui,2026,10.1007/s00127-025-03006-y,Impact of financial deprivation in first-episode psychosis: a prospective 4-year follow-up study,Social Psychiatry and Psychiatric Epidemiology,s00127-025-03006-y.pdf,include,not_applicable,no,hk_jcep_2009,"Jockey Club Early Psychosis (JCEP) project, Hong Kong, recruited June 2009 to August 2011, aged 26-55. This is NOT the same cohort as hk_easy_2001 (EASY service, chan2019/chan2020/chan2022/chang2016 in batch F01): different service, different recruitment years and a non-overlapping age range, since JCEP was designed for adult-onset psychosis aged 26-55 while EASY served 15-25 year olds. The JCEP parent trial is Hui et al. Psychol Med 2023;53:2339-2351 (reference 28), which is not in this batch.","The 4-year employment cell prints ONLY 'Unemployed, n (%) 40 (65.6%) / 21 (34.4%)'. Those percentages are ROW percentages of the 61 unemployed (40/61 = 65.6%, 21/61 = 34.4%), not column percentages of the group sizes 112 and 107, so the table supplies no evidence at all about the denominator on which the employment variable was observed. No employed count is printed at 4 years. report_quantifiable = no."
jackel2025,Jäckel,2025,10.1002/brb3.70469,"Efficacy of Individual Placement and Support (IPS) on Employment, Education, and Training in Young Adults With Early Psychosis—A Randomized Controlled Trial",Brain and Behavior,Brain and Behavior - 2025 - Jäckel - Efficacy of Individual Placement and Support  IPS  on Employment  Education  and.pdf,include,not_applicable,yes,vivantes_berlin_rct,"Monocentre IPS trial at Vivantes Klinikum am Urban, Berlin (DRKS00018107). No other report of this cohort is in the batch or in data/.","Counts are printed by allocated arm, but ONLY for the EET composite (competitive employment OR education OR training). Despite being an IPS trial, the report gives no arm-level competitive-employment count at 12 months: the employment subgroup analysis is reported as a chi-square with an odds ratio and no numerators. Every extracted result is therefore a composite, and none is paid_any."
jirapramukpitak2022,Jirapramukpitak,2022,10.1186/s12888-022-03888-1,Effectiveness of a community health worker-led case management programme to improve outcomes for people with psychotic disorders in Thailand: a one-year prospective cohort study,BMC Psychiatry,12888_2022_Article_3888.pdf,include,not_applicable,yes,bangkok_licm,"One recruited cohort of 549. The early-stage and later-stage groups are a post-hoc split of that single sample on the number of past psychotic relapses, not two recruited samples, so they are subgroup arms and not two cohort_ids (D12.5).","The one-year employment counts are in Table S3 of Additional file 1, which is NOT part of the 11-page article PDF and is not in dissertation_shared_folder/supplements/. Additional file 1 was retrieved during this extraction directly from the publisher CDN (https://static-content.springer.com/esm/art%3A10.1186%2Fs12888-022-03888-1/MediaObjects/12888_2022_3888_MOESM1_ESM.docx, HTTP 200, sha256 34ddddbbf0dc1d4e406298e0994c69e0c511b7d7ae1452de4fc101045d79f894) and every cell was read from it. It should be added to data/supplement_provenance.csv."
khare2021,Khare,2021,10.1016/j.schres.2021.01.004,A longitudinal analysis of employment in people with severe mental illnesses in India,Schizophrenia Research,1-s2.0-S0920996421000463-main.pdf,include,not_applicable,yes,pune_private,"DISTINCT from pune_public (khare2022 / unknown2022). khare2021 recruited at two PRIVATE hospitals, Poona Hospital and Research Centre in Pune (urban) and Manasdeep Psychiatric and Addiction Treatment Center in Ahmednagar (rural), n=550 at baseline and 456 analysed at 12 months (Methods 2.1, p. 473). pune_public is a public-sector psychiatric services sample of 107. No participant overlap is possible: different hospitals, different sectors, different sample sizes. The baseline report of this same cohort is Khare et al. 2020, cited throughout but not staged in this batch.","VERIFIED 287/456 in any paid work at the 12-month follow-up, derived by summing two printed, mutually exclusive and exhaustive cells (257 working at both assessments + 30 not working at baseline but employed at follow-up). See extraction_outcomes.csv."
leighton2019,Leighton,2019,10.1016/S2589-7500(19)30121-9,"Development and validation of multivariable prediction models of remission, recovery, and quality of life outcomes in people with first episode psychosis: a machine learning approach",The Lancet Digital Health,1-s2.0-S2589750019301219-main.pdf,include,not_applicable,yes,national_eden,"Contributes results for its DEVELOPMENT cohort national_eden only. It also reports figures for three EXTERNAL VALIDATION samples that belong to other reports and must not be pooled from here: (1) opus_1998, already extracted as hansen2024 and hansen2024b; (2) crisp_glasgow and (3) glasgow_edinburgh_2006, both reported separately by leighton2019b. leighton2019 pools (2) and (3) into one 'Scottish' figure of 59/142, which is arithmetically identical to leighton2019b's two separately printed cohorts (32/75 + 27/67 = 59/142). All three are recorded as relationship=validation_sample with contributes_results=no.","SEPARATE PUBLICATION from leighton2019b: different journal (Lancet Digital Health v PLOS ONE), different DOI, different author list, different development cohort. Not a staging duplicate. Result extracted: 436/807 EET at 12 months in national_eden, a paid_or_education_or_training composite, not paid_any."
leighton2019b,Leighton,2019,10.1371/journal.pone.0212846,Predicting one-year outcome in first episode psychosis using machine learning,PLOS ONE,file.pdf,include,not_applicable,yes,crisp_glasgow,"Describes TWO independently recruited cohorts, so it takes two cohort_ids under D12.5 and codebook rule 11: crisp_glasgow (CR:ISP, n=83, NHS Greater Glasgow & Clyde, 2011-14, the training dataset) and glasgow_edinburgh_2006 (n=79, NHS Glasgow and NHS Edinburgh, 1 Sep 2006 to 31 Aug 2009, the validation dataset). The same participants appear inside leighton2019's pooled 'Scottish' validation sample of 162; leighton2019b is the report of record for both.","SEPARATE PUBLICATION from leighton2019, cited by it as reference 9. Table 1 (p. 6) reports the two cohorts SEPARATELY (32/75 and 27/67), so the manifest note 'two cohorts pooled in one report' is half right: there are two cohorts, but it is leighton2019, not this report, that pools them."
liangrong2021,Liangrong,2021,10.3389/fpsyt.2021.679807,Long-Term Outcomes and Predictors of Childhood-Onset Schizophrenia: A Naturalistic Study of 6-year Follow-Up in China,Frontiers in Psychiatry,fpsyt-12-679807.pdf,include,not_applicable,yes,sunyatsen_guangzhou,,"first_author is carried over from the manifest for continuity with the batch ledger, but the byline is 'Zheng Liangrong', in which Zheng is the family name; the journal's own citation line ('Liangrong Z, Guican Z, Qi Z...') mis-parses it. See manifest_changes.csv. Employment result is 70/170, but the timepoint is a MEDIAN follow-up of 5.6 years over a range of 0.2 to 16.8 years, so it is barred from every landmark horizon."
lindgren2020,Lindgren,2020,10.3389/fpsyt.2020.603933,Neurocognition and Social Cognition Predicting 1-Year Outcomes in First-Episode Psychosis,Frontiers in Psychiatry,fpsyt-11-603933.pdf,include,not_applicable,yes,helsinki_eps,,"26/53 at 12 months CONFIRMED, but the construct is a COMPOSITE, 'working (full-time or part-time work) or studying and not being on sick leave', so it is paid_or_education and never enters the primary pool. No paid-work-only count is printed. The size of the recruited Helsinki Early Psychosis Study cohort is never stated, so n_entered is blank."
luo2019,Luo,2019,10.1017/S0033291718001629,Effectiveness of an Assertive Community Treatment program for people with severe schizophrenia in mainland China - a 12-month randomized controlled trial,Psychological Medicine,effectiveness-of-an-assertive-community-treatment-program-for-people-with-severe-schizophrenia-in-mainland-china-a-12-month-randomized-controlled-trial.pdf,include,not_applicable,yes,changsha_act_rct,,"NEAR-ZERO CELL CONFIRMED as printed: 10/30 ACT v 1/28 control. Recorded exactly as printed with no continuity correction. TWO CORRECTIONS to the triage note: (a) the ascertainment is any_time_during_followup, not point prevalence, because the counts are of patients who 'returned to wage-earning employment ... over the 12-month follow-up'; (b) 'selected for severe impairment' is not an employment-related criterion under D9, so employment selection is coded unclear on incomplete reporting, not selected. Allocated arms only: no whole-cohort row, because the ACT team included a part-time employment specialist and worked on 'setting goals for employment', so employment_targeted_intervention would be yes."
maguire2021,Maguire,2021,10.1007/s00127-020-02011-7,"Symptomatic, functional and service utilization outcomes of migrants with a first episode of psychosis",Social Psychiatry and Psychiatric Epidemiology,s00127-020-02011-7.pdf,include,not_applicable,yes,eppic_melbourne_2011,,"TRIAGE CONFIRMED IN PART. 594/1196 is confirmed as a SUM of the two printed subgroup counts (migrants 137/293 and Australian-born 457/903; Table 3, p. 1394), not a printed total. COMPOSITE work-or-study CONFIRMED: paid_or_education, not paid_any, and the source gives no paid-only numerator. DISCHARGE TIMING CONFIRMED as a followup_basis problem: occupation is measured at discharge from EPPIC, elapsed follow-up varies (median duration of care 581 days for migrants against 667 for Australian-born, IQR 333-730 and 478-741), so followup_basis = calendar_end_common and the result is barred from every landmark horizon. NEW FINDING: the migrant figure is printed twice and differently, 46.8 per cent in Table 3 against 47.3 per cent in the text on p. 1395, so the migrant row and the derived whole-cohort row are blocked with conflict_status = unresolved."
majuri2023,Majuri,2023,10.1007/s00127-022-02327-6,Employment trajectories until midlife in schizophrenia and other psychoses: the Northern Finland Birth Cohort 1966,Social Psychiatry and Psychiatric Epidemiology,s00127-022-02327-6.pdf,include,not_applicable,no,nfbc1966,"shares cohort with: majuri2021, rautio2016 | MULTIPLE INCLUDED REPORTS, apply result selection rule. Result selection was applied across all three and resolved to NO CHANGE: see report_cohort_map.csv and unresolved_queries.md.","TRIAGE CONFIRMED. Latent-class employment trajectories only. Table 2 (p. 70) gives membership counts in five trajectory classes (traditional, highly educated, self-employed, delayed full-time, floundering) over ages 16 to 45. A trajectory class is a 30-year longitudinal pattern, not a prevalence at a timepoint, and is not recorded as one. NO OUTCOME ROW IS CREATED. The one other candidate, Table 1's Statistics Finland socioeconomic status at age 46, is deliberately NOT summed into a paid_any count: (a) it is a register socioeconomic classification the report never presents as employment status; (b) its residual category is printed as 'others, mostly unemployed', so zero work is NOT separable from every category containing positive paid work and D12.3 bars the derivation, exactly as for rautio2016's '<25 per cent' band; (c) it is measured at chronological age 46, which D12.3b bars from every horizon; and (d) the SZ-men column's own cells sum to 28 against a printed column header of 29. report_quantifiable = no."
martini2017,Martini,2017,10.1590/1516-4446-2016-2128,Schizophrenia and work: aspects related to job acquisition in a follow-up study,Revista Brasileira de Psiquiatria,document.pdf,include,not_applicable,yes,saopaulo_prevoc,,"TRIAGE CONFIRMED ON BOTH POINTS. CRITICAL SELECTION confirmed and quoted: the sample is 'individuals ... who expressed a desire for employment' and 'a convenience sample ... of schizophrenics desiring employment', all of whom then completed a prevocational training group, so employment_selection_status = selected. The 35.8 per cent inconsistency is confirmed and is worse than the triage note says: 19/45 = 42.2 per cent, 35.8 per cent requires a base of 53, and the job-duration bands on p. 38 (6.8, 13.6 and 22.7 per cent for 3, 6 and 10 people) imply a THIRD base of 44. conflict_status = unresolved; no denominator was reconstructed."
mcgurk2016,McGurk,2016,10.1016/j.schres.2016.04.045,Cognitive remediation for vocational rehabilitation nonresponders,Schizophrenia Research,1-s2.0-S0920996416301943-main.pdf,include,not_applicable,yes,brooklyn_tsw_rct,,"TRIAGE CONFIRMED, WORDING REFINED. Selection is established by inclusion criteria b and c: 'currently enrolled in a vocational rehabilitation program for at least 3 months' and 'has not benefited from recent vocational rehabilitation, defined as either has not worked for the past 3 months ... or having a recent unsuccessful ending of a job'. The triage phrase 'seeking work' is NOT in the paper and is not used; the recorded reason is prior_employment_failure, with vocational-service enrolment and a baseline no-work requirement also present. NEW FINDINGS: (a) all three whole-sample employment outcomes are any_time_during_followup over 36 months, never point prevalence; (b) Table 3's E-VR cells print '12/26' beside '48%', and 12/26 is 46.2 per cent, while 12/25 is exactly 48 per cent and Table 1's work-history rows for E-VR sum to 25; (c) the Discussion's whole-sample figures of 54 per cent competitive and 67 per cent any work activity contradict the table counts, which give 28/54 = 51.9 and 34/54 = 63.0 per cent. Four of the six result rows are therefore blocked as unresolved."
mervis2017,Mervis,2017,10.1016/j.schres.2016.10.036,"Effects of the Indianapolis Vocational Intervention Program (IVIP) on defeatist beliefs, work motivation, and work outcomes in serious mental illness",Schizophrenia Research,1-s2.0-S0920996416304807-main.pdf,include,not_applicable,yes,institute_living_rct,,"TRIAGE CONFIRMED ON SELECTION, REFUTED ON CONSTRUCT. Selection confirmed and quoted: participants were 'deemed not ready for supported employment by their referring clinician', with 'no placement or no history of success in past 6 months the requisite'. CONSTRUCT: the outcome is NOT recorded as paid_any and NOT as paid_competitive. The report never states that the supported employment counted was paid, never names an employer, wage or labour-market setting, and uses 'enrolled in supported employment' (Methods 2.5.1.3 and 2.6) interchangeably with 'secure supported employment' (Results, p. 132) and 'supported employment enrollment status'. Under SAP 3.1 an activity whose remuneration cannot be established is not paid work, and the codebook routes an unestablished labour-market setting to outcome_construct = unclear. The $10 per hour that IS stated applies to the four-month work therapy placement that BOTH arms received, not to the outcome. See unresolved_queries.md. SEPARATE ISSUE: recruitment is described as from 'community mental health clinics affiliated with the New York State Psychiatric Institute' with NYSPI ethics approval, which does not match the cohort slug institute_living_rct or the Hartford author affiliations."
moncrieff2025,Moncrieff,2025,10.1192/bjp.2024.304,The association between relapse and the outcome of schizophrenia and recurrent psychotic disorders,The British Journal of Psychiatry,S0007125024003040a.pdf,include,not_applicable,yes,radar_trial,,"TRIAGE CONFIRMED. Composite EET confirmed: 'employment status, categorised as being or not being in employment, education or training' names all three, so paid_or_education_or_training. Both arms pooled confirmed: 'The present analysis treats participants recruited to the trial as a single cohort' and 'For all analyses, we combined data from both randomised groups'. Established psychosis confirmed; the whole-cohort mean age is not printed but the sample-size-weighted mean of the two printed subgroup means is 46.3 years. NEW FINDING, and the one that matters: the 190 participants with EET status are split IRRECONCILABLY. Table 2 (p. 676) gives 8/66 and 30/124; the Results text (p. 674) gives completion of 70.7 per cent of 82 relapsers and 77.2 per cent of 171 non-relapsers, i.e. 58 and 132; and Table 4 (p. 676) totals 57, 132 and 189. The same text percentages reproduce the MANSA and PANSS denominators exactly, so they are not loose rounding. Every EET row is blocked with conflict_status = unresolved."
mucci2021,Mucci,2021,10.1001/jamapsychiatry.2020.4614,Factors Associated With Real-Life Functioning in Persons With Schizophrenia in a 4-Year Follow-up Study of the Italian Network for Research on Psychoses,JAMA Psychiatry,jamapsychiatry_mucci_2021_oi_200087_1619663133.19598.pdf,include,not_applicable,no,nirp_italy,"Same 921 participants as the NIRP baseline cross-sectional study (Galderisi et al. 2014, World Psychiatry 13:275-287) and as the network analysis of the same data set (Galderisi et al. 2020, World Psychiatry 19:81-91). Neither is in the screened set; no other NIRP report is in this review.","Only one employment figure at follow-up: 208 in 'working status' at 4 years, printed with a percentage (35.4%) whose base is not stated. 35.4% is incompatible with the 618 analysed, so the denominator is unrecoverable without back-calculation and report_quantifiable is `no`. Supplement 1 (eAppendix 1 exclusion criteria, eTable 1 baseline characteristics, eTable 2 the within-participant comparisons) is not held."
nakamura2025,Nakamura,2025,10.1002/pcn5.70117,Impact of negative symptom reduction on employment and vocational activity outcomes following cognitive remediation therapy in schizophrenia: A 1-year follow-up study,Psychiatry and Clinical Neurosciences Reports,PCN Reports - 2025 - Nakamura - Impact of negative symptom reduction on employment and vocational activity outcomes.pdf,include,not_applicable,yes,kariya_daycare,No other report of this day-care cohort in the review. Approximately 180 further attendees of the same day care who did not receive CRT are described for context with an approximate denominator only; they are not a recruited sample and yield no extractable result.,"n = 21 completers. The headline 9/21 'vocational transition' is a composite of 4 in formal employment under a labour contract and 5 in Type B continuous employment support, which the report states is 'not legally classified as employment under national labor law'. Only the 4 are paid work under SAP 3.1. Trial registration UMIN000054690."
pedersen2025,Pedersen,2025,10.1111/eip.70062,Vocational Rehabilitation in Young Adults With Incident Schizophrenia - A Danish Retrospective Cohort Study,Early Intervention in Psychiatry,EIP-19-0.pdf,include,not_applicable,yes,opus_2014,"OPUS here is the routine Danish OPUS early-intervention SERVICE at Aarhus and Aalborg with OPUS start dates 1 Jan 2014 to 31 Dec 2019. It is NOT the 1998-2000 OPUS randomised trial (opus_1998; hansen2024, hansen2024b). The recruitment windows do not overlap and OPUS admits only incident first-episode patients, so no individual can be in both. Participants are inside Danish national register cohorts (dk_registers_1998, dk_registers_birth) and inside the qualitative sub-study Ortenblad et al. 2025.","Two non-randomised groups (Morpheus n=116 at Aarhus, standard vocational rehabilitation n=130 at Aalborg), both restricted at entry to patients neither employed nor in education but motivated to be. No whole recruited cohort exists for a prevalence estimate: 246 is the union of two site-defined selected groups and the report never prints a combined count."
peebo2022,Peebo,2022,10.1080/08039488.2021.1946139,First-episode psychosis integrative treatment: Estonian experience,Nordic Journal of Psychiatry,First-episode psychosis integrative treatment  Estonian experience.pdf,include,not_applicable,no,tallinn_fep,"Describes two separately assembled samples: the prospective FEP integrative-treatment cohort (tallinn_fep) and a retrospectively formed treatment-as-usual comparison group (tallinn_fep_tau, n=114). Recorded as two cohorts under D12.5. The study was initially part of the international 'Multicenter Study of First Incident Psychosis' (16 Scandinavian and Baltic facilities).","Employment at 12 and 24 months is printed as a percentage only, with no numerator anywhere in the report, so no count is recoverable. The 10-year registry follow-up reports total duration of employment in months (mean 76.3 intervention vs 47.1 control), which is a duration, not a prevalence, and is not extractable as a result."
petrakis2019,Petrakis,2019,10.1080/11038128.2018.1498918,Vocational support in mental health service delivery in Australia,Scandinavian Journal of Occupational Therapy,Vocational support in mental health service delivery in Australia (1).pdf,include,not_applicable,yes,stvincents_ips,"An earlier descriptive study of the same service is cited (Petrakis et al. 2012, European Psychiatry 27:483-488), and an implementation paper on the same programme (Stirling, Higgins and Petrakis 2018, Australian Health Review 42:82-88). Neither is in the screened set.","Mixed severe mental illness: 99 of 136 (72.8%) carry a qualifying psychosis diagnosis, so the D13 50 per cent gate is met on its own. The recruited sample is an IPS caseload selected on an expressed wish to gain competitive employment and on assessed capacity for eight hours per week, so employment_selection_status is `selected`. Follow-up is engagement in a programme running March 2006 to February 2013; no per-participant elapsed follow-up is ever reported."
ringbom2023,Ringbom,2023,10.1093/schbul/sbac151,Psychotic Disorders in Adolescence and Later Long-term Exclusion From Education and Employment,Schizophrenia Bulletin,sbac151.pdf,include,not_applicable,yes,fi_birth_1987,"1987 Finnish Birth Cohort, whole-population register linkage. Participants are inside Finnish nationwide register cohorts (fi_registers; hakulinen2019, hakulinen2020, batch F08) and inside other 1987 Finnish Birth Cohort reports. These must not be treated as independent samples.","The outcome family is duration-based over the fixed calendar window 2008-2015 (ages 20-28). NEET is the source composite and is coded paid_or_education_or_training under D12.1; it never enters the primary pool. Working is banded 0 years / 1-4 years / >=5 years, so zero is separable and paid_any is derivable as a complement (288 - 85 = 203), which the authors themselves corroborate as '71% ... had worked at some point during 2008-2015' (Discussion, p. 95)."
rodriguezpulido2021,Rodriguez Pulido,2021,10.1080/09602011.2019.1692671,Cognitive remediation to improve the vocational outcomes of people with severe mental illness,Neuropsychological Rehabilitation,Cognitive remediation to improve the vocational outcomes of people with severe mental illness.pdf,include,not_applicable,no,tenerife_cr_rct,,"NOT QUANTIFIABLE. Employment is reported only as the percentage of each randomised group obtaining at least one job: 52.2% (CR+IPS) vs 29.2% (IPS-only) at 8 months and 60.9% vs 37.5% at 1 year (Results, p. 307; Figure 3, p. 307). Table 4 (p. 308) prints mean number of jobs per individual, mean weekly hours worked and mean hourly wage, but no employment count anywhere. Group denominators ARE printed (N=23, N=24), so a numerator could be reconstructed arithmetically; that is back-calculation from a percentage and is prohibited by extraction_v3 rule 1 and codebook rule 2, so the numerator is left blank. The report is in any case outside the primary estimand on three further grounds: employment-related selection at recruitment (previous difficulty maintaining a competitive job AND currently wanting a competitive job), both arms receive an employment-targeted vocational intervention so no whole-cohort row is permissible, and the outcome is cumulative attainment (at least one job during the period), not point prevalence."
shimada2022,Shimada,2022,10.1016/j.jpsychires.2022.10.066,Effect of individualized occupational therapy on social functioning in patients with schizophrenia: A five-year follow-up of a randomized controlled trial,Journal of Psychiatric Research,1-s2.0-S0022395622006185-main.pdf,include,not_applicable,no,nagano_iot_rct,,"NOT QUANTIFIABLE. The only work-related measure is the SFS employment/occupation subscale, reported as a group mean on a 0-10 scale (baseline 1.81 SD 2.46 and 1.87 SD 1.96; five-year follow-up 4.46 SD 2.20 and 2.46 SD 2.36; Table 2, p. 482). A subscale mean is not a proportion: no participant is classified as employed or not employed anywhere in the report, so there is no numerator and no denominator to recover. Table 1 (pp. 479-480) reports 'Income, n (% yes)' 96 (94.12%) of 102, but income here is an undefined demographic characteristic covering any source (a 94% rate in a recently hospitalised Japanese inpatient cohort cannot be employment) and it is not offered as an employment outcome."
solmi2022,Solmi,2022,10.1176/appi.ajp.21121189,"Effectiveness of Antipsychotic Use for Reducing Risk of Work Disability: Results From a Within-Subject Analysis of a Swedish National Cohort of 21,551 Patients With First-Episode Nonaffective Psychosis",American Journal of Psychiatry,solmi-et-al-2022-effectiveness-of-antipsychotic-use-for-reducing-risk-of-work-disability-results-from-a-within-subject.pdf,include,not_applicable,no,se_registers,,"NOT QUANTIFIABLE AT ANY FOLLOW-UP TIMEPOINT. Employment is reported only as percentages of the 'main occupational activity' distribution in Figure 1 (p. 942): 32.0% two years before diagnosis, 30.5% one year before, 22.2% in the diagnosis year, then 19.5%, 22.1%, 22.9%, 23.9% and 25.1% at years 1 to 5 after diagnosis. No count is printed for any year and none can be recovered: the figure footnote gives N=21,551 as the base, but that number cannot be the observed denominator at years 1 to 5 (see conflict_note on the result rows). The ONLY recoverable employment count in the whole report is a baseline one: Table 1, p. 941, 'Any income from work during previous calendar year' 7,634 of 21,551 (35.4%). That is a pre-baseline moderator, not a follow-up result, and it is recorded in n_employed_baseline. This is the largest single loss in batch F12: a 21,551-person national register cohort with a printed employment figure at exactly the 12-month landmark and no numerator behind it."
stouten2019,Stouten,2019,10.1111/eip.12561,"Psychopathology, cognition and outcome in Dutch and immigrant first-episode psychosis patients",Early Intervention in Psychiatry,Early Intervention Psych - 2018 - Stouten - Psychopathology  cognition and outcome in Dutch and immigrant first‐episode.pdf,include,not_applicable,no,parnassia_hague,,"NOT QUANTIFIABLE. The only work-related measure is the PSP subscale 'Social useful activities including study and work', reported as a mean severity-of-problems score on a 0-4 scale where higher scores reflect MORE problems (Table 4, p. 651). No participant is classified as employed or not employed anywhere in the report, so there is no numerator and no denominator. The subscale also conflates paid work with study and with other socially useful activity, so even a count would not have been paid employment. 'Annual income (x 1000)' in Table 1 (p. 649) is a group mean in thousands of euros, not an employment measure."
stralin2019,Stralin,2019,10.1016/j.psychres.2018.12.013,Early recovery and employment outcome 13 years after first episode psychosis,Psychiatry Research,1-s2.0-S0165178118320080-main.pdf,include,not_applicable,yes,parachute_sweden,,"QUANTIFIABLE. Two counts with a common printed denominator at year 13: 67 of 161 with employment income above 100,000 SEK during the year (Table 1 and Results 3.5, p. 378) and 86 of 161 with 'any income' (Results 3.5, p. 378). Neither enters the primary pool. The 67/161 result is threshold-defined (an annual income cut-off) so it is paid_intensity_threshold under D12.3a, not paid_any, and it is a period prevalence over a calendar year, not point prevalence. The 86/161 'any income' figure is never defined: the LISA register as described in this paper carries income from employment, sickness benefits AND student aid, so 'any income' may or may not mean any employment income, and it is coded outcome_construct = unclear pending an author reply. If it does mean any employment income it would be the paid_any numerator for this cohort, which is why it is recorded rather than dropped."
topor2019,Topor,2019,10.1007/s00127-019-01655-4,Recovery and economy; salary and allowances: a 10-year follow-up of income for persons diagnosed with first-time psychosis,Social Psychiatry and Psychiatric Epidemiology,s00127-019-01655-4.pdf,include,not_applicable,no,stockholm_2000,,"NOT QUANTIFIABLE. Table 3 (p. 923) gives the proportion with income from salary as a percentage only, and only for two post-hoc subgroups: 70% at year 1 and 60% at year 10 in the institutional recovery group (n=53), 53% and 27% in the ongoing institutionalisation group (n=159). No count is printed for any cell. No salary figure of any kind is printed for the 364-person working-age follow-up group, and 152 of those 364 belong to neither reported subgroup and are never described. The subgroups are defined by service contact during the LAST FIVE YEARS of the follow-up, a post-baseline variable strongly associated with the outcome, so even a recovered count would be a selected subgroup and not a whole-cohort prevalence."
tsiachristas2016,Tsiachristas,2016,10.1136/bmjopen-2016-012611,Economic impact of early intervention in psychosis services: results from a longitudinal retrospective controlled study in England,BMJ Open,e012611.full.pdf,include,not_applicable,no,oxford_ahsn,,"Employment appears only as a propensity-weighted probability ratio (Table 3, p. 5) and as baseline percentages with a large missing category (Table 1, p. 3). No numerator and no denominator are printed for either group at follow-up, so no count is recoverable without back-calculation and report_quantifiable = no. The supplementary appendices 1 (sample selection) and 2 (unit costs) are not held in this repository."
turner2019,Turner,2019,10.1108/IJOT-12-2018-0023,Improving vocational recovery among people with psychosis: a two-pronged approach,Irish Journal of Occupational Therapy,ijot-12-2018-0023.pdf,include,not_applicable,yes,detect_dublin,"Same DETECT service and same vocational programme as the matched historical-control study published as Turner, O'Callaghan and Clarke (2016), which is not in this batch and is not held in the folder. If that report is ever staged it must share cohort_id detect_dublin.","Counts and denominators are printed, so report_quantifiable = yes, but EVERY extracted result carries conflict_status = unresolved. The Results section is internally coherent (17 + 8 + 8 + 1 = 34) while the Abstract prints a different attainment numerator (n = 10 against 8), the sample size is 39 in the Abstract and 38 in the Results and Discussion, and the participation counts violate inclusion-exclusion (21 + 9 - 4 = 26 against a printed 27). See inconsistencies.md T1 to T3."
xu2020,Xu,2020,10.1186/s12888-020-2484-x,Predictors of outcome in early onset schizophrenia: a 10-year follow-up study,BMC Psychiatry,s12888-020-2484-x.pdf,include,not_applicable,yes,pku_beijing,,"The only report in F13 whose cohort is not employment-selected and whose employment result is a whole-cohort point prevalence. 23 of 62 employed; the three status categories sum exactly to the 62 surviving interviewees, so 62 is an observed denominator and not merely a reporting base."
yamaguchi2020,Yamaguchi,2020,10.1176/appi.ps.201900255,Contents and Intensity of Services in Low- and High-Fidelity Programs for Supported Employment: Results of a Longitudinal Survey,Psychiatric Services,yamaguchi-et-al-2020-contents-and-intensity-of-services-in-low-and-high-fidelity-programs-for-supported-employment.pdf,include,not_applicable,yes,jisef_japan,,"Counts are printed with their denominators (11/29 and 15/22). The online supplement carrying the participant flow diagram, the service inventory codes and Tables 2 to 4 of the supplement is NOT held in this repository, so the 42 of 93 who met the inclusion criteria but were not analysed cannot be accounted for."
zhang2017,Zhang,2017,10.5014/ajot.2017.024802,Integrated Supported Employment for People With Schizophrenia in Mainland China: A Randomized Controlled Trial,American Journal of Occupational Therapy,zhang-et-al-2017-integrated-supported-employment-for-people-with-schizophrenia-in-mainland-china-a-randomized.pdf,include,not_applicable,yes,wuxi_ise_rct,"Two earlier pilot studies of the same programme in the same centre are cited (Li et al. 2013; Lu et al. 2015). Neither is in the folder. If either is ever staged, participant overlap with this trial must be checked before pooling.","Numerators and the intent-to-treat denominator of 54 per arm are printed, so report_quantifiable = yes, but the number with employment status actually OBSERVED is not recoverable: no attrition figure appears anywhere and the report says only that 'The drop-out cases were also included'. n_outcome_observed is therefore blank on all three arm rows."
