report_id,first_author,year,title,journal,doi,source_filename,file_sha256,source_available,eligibility_status,report_quantifiable,exclusion_reason,study_id,cohort_id,cohort_overlap_notes,metadata_source,screening_list,screening_row,notes,data_request_status,data_request_date,data_response_date
khare2022b,Khare,2022,A 1-Year Prospective Study of Employment in People With Severe Mental Illnesses Receiving Public Sector Psychiatric Services in India,Psychiatric Rehabilitation Journal,10.1037/prj0000512,2022-23727-001.pdf,cda7644ce896ea2f5bad86a5f59edb85bb2c4d5313d2a74fd4b79444ed89e66d,yes,include,,not_applicable,pune_public,pune_public,shares cohort with: khare2022,crossref,yes,20,"report_id corrected from unknown2022 on 12 August 2026. F04 read the PDF: 2022-23727-001.pdf is the complete article (Psychiatric Rehabilitation Journal 2022;45(3):237-246), not the supplement the manifest took it for. The staged DOI was the supplemental-materials record's; the article DOI printed on p. 237 is 10.1037/prj0000512, which is exactly what screening row 20 holds, so this correction removes a DOI divergence rather than creating one. khare2022 was already taken by the Schizophrenia Research: Cognition companion on the same cohort, hence the letter suffix. 53/107 at 12m VERIFIED from the printed cells; article DOI 10.1037/prj0000512 confirmed from the PDF",drafted,,
andersen2024,Andersen,2024,Vocational functioning in young people accessing services for first-episode psychosis and ultra-high risk of psychosis: A longitudinal naturalistic cohort study,Australian &amp; New Zealand Journal of Psychiatry,10.1177/00048674241261778,andersen-et-al-2024-vocational-functioning-in-young-people-accessing-services-for-first-episode-psychosis-and-ultra.pdf,c750d27ccbb790ebeec77c7be650e414d74c57a29b57e4032867b5d107604308,yes,include,yes,not_applicable,headspace_hep_au,headspace_hep_fep_au,"Describes two parallel cohorts, headspace_hep_fep_au (n=1574) and headspace_hep_uhr_au (n=1515), from the headspace Early Psychosis programme between 19 June 2017 and 22 March 2021. brown2022 is off the screening list under D10.1; no figure was imported from it.; Two parallel cohorts. The scalar cohort_id carries the primary-contributing cohort only; report_cohort_map.csv is the authority and carries both.",crossref,yes,42,FEP arm 205/578 at 12m; employed = working 143 + studying-and-working 62,drafted,,
andersen2026,Andersen,2026,Factors associated with employment and hospitalizations in early-onset psychosis: a clinical study with register-based follow-up,Schizophrenia Research,10.1016/j.schres.2026.03.017,1-s2.0-S0920996426000940-main.pdf,f10d4370f47ebe6141b2ae782891756d3fff555627b2922480a12e2973aef716,yes,include,yes,not_applicable,dk_eop_pooled,dk_eop_pooled,,crossref,yes,61,composite competitive employment OR education; period prevalence,drafted,,
ayesaarriola2020,Ayesa-Arriola,2020,Understanding sex differences in long-term outcomes after a first episode of psychosis,npj Schizophrenia,10.1038/s41537-020-00120-5,s41537-020-00120-5.pdf,20cb1ead808db9eaa6082142539a669185bfa590b4be887dfddb5246c2eab41f,yes,include,no,not_applicable,pafip_spain,pafip_spain,shares cohort with: mayoralvanson2019,crossref,yes,21,"unemployed counts only, denominators not stated; PAFIP also in mayoralvanson2019",drafted,,
baltazar2022,Baltazar,2022,Long term course and outcome of first episode schizophrenia: a 27-to-31-year follow-up,Social Psychiatry and Psychiatric Epidemiology,10.1007/s00127-021-02185-8,s00127-021-02185-8.pdf,eac96b2c79e6ac73754d009832bc4311dcb0fbc0efdeb89553feab5ce628c602,yes,include,yes,not_applicable,iusmm_montreal,iusmm_montreal,,crossref,yes,50,"6/43 at 27-31y (all three claims confirmed); ADD: follow-up runs from individual admissions in 1983-1987 to one common end date (2014), so followup_basis = calendar_end_common under D12.8 and the result is barred from every landmark horizon, including the 10-year-plus band it would otherwise fall in",drafted,,
basaraba2023,Basaraba,2023,Prediction Tool for Individual Outcome Trajectories Across the Next Year in First-Episode Psychosis in Coordinated Specialty Care,JAMA Psychiatry,10.1001/jamapsychiatry.2022.3571,jamapsychiatry_basaraba_2022_oi_220073_1671567531.00611.pdf,6767ef73981fde2faafbdfc7dea65bdbeb6dd9ce6637b2b7353745306324f68a,yes,include,yes,not_applicable,ontracky_ny,ontracky_ny,shares cohort with: nossel2018,crossref,yes,82,"composite education/employment/vocational-training, training set only (1038 of 1298); SAME COHORT as nossel2018, not merely the same network: this report's frame (20 sites, Oct 2013 to Dec 2018) contains nossel2018's 325 clients (10 sites, Oct 2013 to Aug 2016)",drafted,,
bell2018,Bell,2018,Comparison of focused cognitive training and portable “brain-games” on functional outcomes for vocational rehabilitation participants,Scientific Reports,10.1038/s41598-018-20094-w,s41598-018-20094-w.pdf,d140594b9541a7e84c865fd4764ac0521e1e3fb8664e5cc9b97ec48d477bda70,yes,include,yes,not_applicable,va_ct_vr,va_ct_vr,,crossref,yes,22,"trial; employment_selection_status = selected with FOUR concurrent D9 triggers, not one: vocational-service entry (all 77 were entrants to transitional work or supported employment), work intention or readiness ('willingness to engage in vocational rehabilitation services', 'an interest in work rehabilitation'), baseline employment status ('All participants were unemployed') and current placement (32 were already in paid placements or casual work at baseline). Results are competitive employment only (9/38 VR+CG, 9/36 VR+CR at 12 months); no paid_any count is recoverable. The VR+CG denominator is contradicted between text and tables, so that row is conflict_status = unresolved",drafted,,
bhullar2018,Bhullar,2018,Untreated illness and recovery in clients of an early psychosis intervention program: a 10-year prospective cohort study,Social Psychiatry and Psychiatric Epidemiology,10.1007/s00127-017-1464-z,s00127-017-1464-z.pdf,b3b850d7a2baf4de87114f284395c0db1932ab215cf92fa05fcef11a827c9c60,yes,include,yes,not_applicable,pepp_ontario_1997,pepp_ontario_1997,,crossref,yes,6,"35/65 at 10y (Table 2, employment status at 10-year follow-up; construct paid_any, point prevalence); distinct era from mackinley2022 confirmed (admitted March 1997 to February 2002); ADD second result: 32/65 engaged in work and/or school for ALL 52 weeks of the past year (paid_or_education, period prevalence, threshold-defined), from which any-activity prevalence is NOT identified (bounded 32 to 65)",drafted,,
bjornsdottir2022,Bjornsdottir,2022,Functional recovery after first episode psychosis (Icelandic),Laeknabladid,10.17992/lbl.2022.06.694,Functional_recovery_after_first_episode_psychosis_.pdf,,no,not_in_screening_set,,not_applicable,laugarasinn_iceland,laugarasinn_iceland,,"first page, hand verified",no,,"54/144 at discharge (mean 3.2y, variable); AUTHORS ARE GUDBRANDSDOTTIR AND INGIMARSSON, metadata wrong | PDF REMOVED 11 August 2026: off the DATA_EXTRACTION_FINAL.xlsx screening list. Row retained for the PRISMA audit trail. Reassess when the D8 search update runs. | DISPOSITION 11 August 2026: was `include`. Not on the DATA_EXTRACTION_FINAL.xlsx screening list of 90, so this is not an eligibility decision and the row is not counted in the PRISMA eligibility flow. Reinstating it requires a documented screening-list amendment, not a status change.",,,
blackman2025,Blackman,2025,Cognitive predictors and genetic moderators of employment outcomes in people with schizophrenia,Schizophrenia Research: Cognition,10.1016/j.scog.2025.100356,1-s2.0-S2215001325000137-main.pdf,9967212938659f5abebba4ddf028502c696bf5a82135ad165a8d58b7f550ab5d,yes,include,yes,not_applicable,nimh_ctnb,nimh_ctnb,,crossref,yes,19,"56/124 at follow-up (count IS stated, Table 1: 'Employed - Follow-up Visit n = 56 (45.2 %)'); variable recontact interval mean 8.6y (range 2-19y) coded calendar_end_common under D12.8; construct is paid_any ('Paid work of any kind and amount'); period prevalence over the last year; analysed denominator excludes 4 who reported being retired, so analysis_selection_status = selected",drafted,,
bonnesen2026,Bonnesen,2026,The influence of clinical and sociodemographic variables on employment and education for Danish youth with a psychotic disorder: a population-based national registry study,Social Psychiatry and Psychiatric Epidemiology,10.1007/s00127-026-03085-5,s00127-026-03085-5.pdf,32852d9535c41f1a882d70f01a5ce6d45aab54d250fe70827db4890b2a308505,yes,include,yes,not_applicable,cross_tracks_dk,cross_tracks_dk,,crossref,yes,52,"539/2493 at 5y AND 505/2577 at 3y, both printed; composite employment OR education confirmed (paid_or_education, training not named); ADD: the cohort is employment-SELECTED under D9 because individuals receiving a disability pension at baseline were excluded from the study population (35 of 2,633, Fig. 1), so employment_selection_status = selected with reason baseline_employment_status",drafted,,
brown2022,Brown,2022,The clinical and functional outcomes of a large naturalistic cohort of young people accessing national early psychosis services,Australian &amp; New Zealand Journal of Psychiatry,10.1177/00048674211061285,brown-et-al-2021-the-clinical-and-functional-outcomes-of-a-large-naturalistic-cohort-of-young-people-accessing-national (1).pdf,,no,not_in_screening_set,,not_applicable,headspace_hep_au,headspace_hep_au,shares cohort with: andersen2024,crossref,no,,"no employment measure at all; SOFAS and My Life Tracker only | PDF REMOVED 11 August 2026: off the DATA_EXTRACTION_FINAL.xlsx screening list. Row retained for the PRISMA audit trail. Reassess when the D8 search update runs. | DISPOSITION 11 August 2026: was `exclude`. Not on the DATA_EXTRACTION_FINAL.xlsx screening list of 90, so this is not an eligibility decision and the row is not counted in the PRISMA eligibility flow. Reinstating it requires a documented screening-list amendment, not a status change.",,,
chan2019,Chan,2019,Ten-year follow up of patients with first-episode schizophrenia spectrum disorder from an early intervention service: Predictors of clinical remission and functional recovery,Schizophrenia Research,10.1016/j.schres.2018.08.022,1-s2.0-S0920996418305140-main (1).pdf,fbe4e08bafebda633b540ed5da60b0bd1e9d395978b9f24a4adb0b3f049d3b42,yes,include,no,not_applicable,hk_easy_2001,hk_easy_2001,"shares cohort with: chan2022, chang2016, chang2016b",crossref,yes,37,"employment only as mean months, used as a predictor",drafted,,
chan2022,Chan,2022,Longitudinal relapse pattern of patients with first-episode schizophrenia-spectrum disorders and its predictors and outcomes: A 10-year follow-up study,Asian Journal of Psychiatry,10.1016/j.ajp.2022.103087,1-s2.0-S1876201822000855-main.pdf,eb7e94f8207ecbc6ddb1e3ccade530e6cc9c58f41b7b68f60ac5b2076b589c21,yes,include,no,not_applicable,hk_easy_2001,hk_easy_2001,describes hk_easy_2001 and hk_standard_care_2000; overlaps_with hk_easy_fep_2001_2003 (chang2016); no established relation to chang2016b,crossref,yes,54,mean cumulative months only; same cohort as chan2019,drafted,,
chang2016,Chang,2016,Three-year clinical and functional outcome comparison between first-episode mania with psychotic features and first-episode schizophrenia,Journal of Affective Disorders,10.1016/j.jad.2016.01.050,1-s2.0-S016503271531106X-main.pdf,fb1432e7abce5a21d2e8c8fc40a6e439da2280bcbe145b52d8e309db38028c09,yes,include,yes,not_applicable,hk_easy_2001,hk_easy_fep_2001_2003,"shares cohort with: chan2019, chan2022, chang2016b",crossref,yes,56,"132/420 at 3y; sustained employment over 12 consecutive months, period prevalence",drafted,,
chang2016b,Chang,2016,Prediction of functional remission in first-episode psychosis: 12-month follow-up of the randomized-controlled trial on extended early intervention in Hong Kong,Schizophrenia Research,10.1016/j.schres.2016.03.016,1-s2.0-S0920996416301098-main.pdf,540c1cc7ecea14f486c87115856b0fdf62fada22b6fb2253ea76a0f21a76f132,yes,include,no,not_applicable,hk_easy_2001,hk_easy_ext_rct,"shares cohort with: chan2019, chan2022, chang2016",crossref,yes,59,employment only as a component of composite functional remission,drafted,,
chen2023,Chen,2023,Factors Affecting Employability of Patients with Schizophrenia who had First Participated in Vocational Training: A Pilot Study,Psychiatric Quarterly,10.1007/s11126-023-10020-3,s11126-023-10020-3.pdf,45d309a88a78d1d07dab7d0e069f29a5607f0ba2e28528faaa5d7cb40e8d66d1,yes,include,,not_applicable,kaisyuan_taiwan,kaisyuan_taiwan,,crossref,yes,53,"whole sample in vocational training by design; zero change at 12m; 14 supported, 31 paid sheltered",not_requested,,
christensen2019,Christensen,2019,Effects of Individual Placement and Support Supplemented With Cognitive Remediation and Work-Focused Social Skills Training for People With Severe Mental Illness,JAMA Psychiatry,10.1001/jamapsychiatry.2019.2291,jamapsychiatry_christensen_2019_oi_190051.pdf,2907b47b6e598baf0f2e335c2f94365841f809c974aa35a3f9cd60cc1ebb3e5b,yes,include,,not_applicable,ips_denmark_rct,ips_denmark_rct,,crossref,yes,34,all expressed desire for competitive employment; ever-employed; mixed SMI 76.5% schizophrenia spectrum,not_requested,,
clarke2023,Clarke,2023,Heterogeneity of quality of life in the later stages of first-episode psychosis recovery,Quality of Life Research,10.1007/s11136-022-03277-x,11136_2022_Article_3277.pdf,646a8905cc8d58f2ccb7a6cc66fae095aacdaba354b028fde6985cd6b85695b6,yes,include,yes,not_applicable,eppic_ips_rct,eppic_ips_rct,,crossref,yes,83,37/100 at 18m CONFIRMED; employment selection CONFIRMED as `selected` (work intention or readiness),drafted,,
conus2017,Conus,2017,Rates and predictors of 18-months remission in an epidemiological cohort of 661 patients with first-episode psychosis,Social Psychiatry and Psychiatric Epidemiology,10.1007/s00127-017-1388-7,s00127-017-1388-7.pdf,a3aecd9246b2332c4cc9853fb8a52b176a7caeba4750dbb5ff52b5763b137e4c,yes,include,yes,not_applicable,eppic_melbourne_1998,eppic_melbourne_1998,,crossref,yes,5,"255/571 confirmed; construct is vocational_activity (MVSI counts 'paid or unpaid full- or part-time employment, being an active student in school or university, or head of household with employed partner (homemaker), or full- or part-time volunteer'), so not paid_any and not paid_or_education; ADD: the endpoint is discharge or last file entry, with time in service from under 1 week to 208 weeks (mean 63.3), so the printed '18 months' is not an elapsed follow-up common to the cohort and followup_basis is not since_baseline",drafted,,
cook2016,Cook,2016,Long-Term Effects of Evidence-Based Supported Employment on Earnings and on SSI and SSDI Participation Among Individuals With Psychiatric Disabilities,American Journal of Psychiatry,10.1176/appi.ajp.2016.15101359,cook-et-al-2016-long-term-effects-of-evidence-based-supported-employment-on-earnings-and-on-ssi-and-ssdi-participation.pdf,d5357cd60dee6cb9814c4d9a6752d31bb8e94c0f3a734b773b98cf09c2ea0c9d,yes,include,yes,not_applicable,eidp_usa,eidp_usa,"May share participants with hartford_ips_rct (detore2019), which states it was one of the eight EIDP site trials (cooperative #UD7 SM51818). Whether any Hartford participants are among these 449 cannot be determined because the six contributing sites are not named. Do not pool eidp_usa with hartford_ips_rct.",crossref,yes,71,"CONFIRMED: 'desiring employment; being unemployed (except at one site)' (Method, p. 1008); ever-employed 2000-2012 (any_time_during_followup); 24.5% died and were right-censored. ADDITION: the 13 years are the fixed calendar window 2000-2012 while entry ran 1996-1998, so followup_basis = calendar_end_common (D12.8) and the result is barred from every landmark horizon.",drafted,,
cunningham2025,Cunningham,2025,Indigenous–non-Indigenous disparities in health and social outcomes 5 years after first episode psychosis: national cohort study,BJPsych Open,10.1192/bjo.2024.827,S2056472424008275a.pdf,97da15c2c4f569d5671497dbc4aa4b73958aa1f926f84f528d68fb3b09ef982a,yes,include,,not_applicable,nz_idi,nz_idi,,crossref,yes,28,744/2193 at 5y; counts randomly rounded to base 3 by Stats NZ,drafted,,
darjee2017,Darjee,2017,"Schizophrenia in a high-security hospital: long-term forensic, clinical, administrative &amp; social outcomes",The Journal of Forensic Psychiatry &amp; Psychology,10.1080/14789949.2017.1308537,Schizophrenia in a high-security hospital  long-term forensic  clinical  administrative   social outcomes.pdf,5e9668bccbfc36d12ba7cd31b178922fc77fd7e4e3e9a35deccc08bca6f1c69c,yes,include,,not_applicable,carstairs_1992,carstairs_1992,"shares cohort with: thomson2023 | MULTIPLE INCLUDED REPORTS, apply result selection rule",crossref,yes,67,NEAR-ZERO EVENTS 1 in supported work; denominator not stated; same cohort as thomson2023,drafted,,
dayabandara2026,Dayabandara,2026,Outcome of first episode and relapsing patients with schizophrenia presenting to a tertiary care hospital in Sri Lanka: A prospective one year follow up study,Asian Journal of Psychiatry,10.1016/j.ajp.2026.104842,1-s2.0-S1876201826000158-main.pdf,3703e8f287aeedeef469e2fa4b713b954d550f466f2575e5fe3afb1a93866c0d,yes,include,,not_applicable,nhsl_colombo,nhsl_colombo_fep,Two parallel cohorts. The scalar cohort_id carries the primary-contributing cohort only; report_cohort_map.csv is the authority and carries both.,crossref,yes,55,"99/240 at 12m across two parallel cohorts, FEP 57/122 and relapsing 42/118",not_requested,,
delpiccolo2024,Del Piccolo,2024,Individual placement and support focusing on employment and education for young people at clinical high risk of psychosis: A feasibility study.,Psychiatric Rehabilitation Journal,10.1037/prj0000585,2024-21489-001.pdf,c8f05dd83295e0f1d996e1def417c0849db5e7558f238e88a00abc8de8efa703,yes,not_in_screening_set,,not_applicable,oasis_chr,oasis_chr,,crossref,no,,"CHR not psychosis; also only 6-month follow-up | DISPOSITION 11 August 2026: was `exclude`. Not on the DATA_EXTRACTION_FINAL.xlsx screening list of 90, so this is not an eligibility decision and the row is not counted in the PRISMA eligibility flow. Reinstating it requires a documented screening-list amendment, not a status change.",,,
detore2019,DeTore,2019,"Disclosure of mental illness to prospective employers: Clinical, psychosocial, and work correlates in persons receiving supported employment",Psychiatry Research,10.1016/j.psychres.2019.01.017,1-s2.0-S0165178118320961-main.pdf,7eabc014e29e7e37791ff9895bcbc34be7e435a6acbb2f9d0427a218db4d17e8,yes,include,yes,not_applicable,hartford_ips_rct,hartford_ips_rct,"One of the eight Employment Intervention Demonstration Program site trials (acknowledgements, cooperative #UD7 SM51818), so its participants are EIDP participants and overlap the cohort cook2016 describes as eidp_usa. Separately, ct_dual_diagnosis (drake2015) recruited 1993-1998 in Hartford and Bridgeport with overlapping investigators; overlap with this Hartford sample is possible but unevidenced.",crossref,yes,84,"CONFIRMED: '(2) not employed at start of study; (3) interested in competitive employment' (Method 2.1, p. 313); 51 of 68 IPS participants obtained competitive work. ADDITION: the analysed sample of this paper is those 51, i.e. selected on the outcome, so no employment proportion can come from the paper's own analysis sample; and the 68 is an allocated arm, not a recruited cohort.",drafted,,
domenicano2025,Domenicano,2025,Sex differences in outcomes of first episode psychosis: results from an early intervention service,Frontiers in Behavioral Neuroscience,10.3389/fnbeh.2025.1642460,fnbeh-19-1642460.pdf,c598834dec4e438b4b99c833a38782032d92e1b5c1d006d4e3fc274fadd65b32,yes,include,yes,not_applicable,eis_ferrara,eis_ferrara,,crossref,yes,31,"47/101 at 24m per Table 2 and Figure 1. Attrition IS itemised in Figure 1 (174 -> 139: discharged 21, dropped out 14; 139 -> 101: discharged 23, dropped out 14). The real defect is a contradicted 24-month denominator: 104 (78M) in Results 3.2 against 101 (76M, 25F) in Figure 1 and Table 2, while Figure 1's own subtraction gives 102 (76M, 26F).",drafted,,
drake2015,Drake,2015,Longitudinal Course of Clients With Co-occurring Schizophrenia-Spectrum and Substance Use Disorders in Urban Mental Health Centers: A 7-Year Prospective Study,Schizophrenia Bulletin,10.1093/schbul/sbv110,sbv110.pdf,5f063901887b8908e355a1cc81c8201e8c26565954bb3ac4cdd9e65f4c4c5888,yes,include,no,not_applicable,ct_dual_diagnosis,ct_dual_diagnosis,,crossref,yes,81,"27 competitive jobs at 7 years, denominator NOT recoverable: Table 3 prints 27 (28%) over a column N of 90, but 27/90 = 30%, and no cell of that row matches its column N at any timepoint. Selection is clinical and social (SUD, service use, housing), which is NOT employment selection: employment_selection_status = none.",drafted,,
evensen2017,Evensen,2017,Employment outcome and predictors of competitive employment at 2-year follow-up of a vocational rehabilitation programme for individuals with schizophrenia in a high-income welfare society,Nordic Journal of Psychiatry,10.1080/08039488.2016.1247195,Employment outcome and predictors of competitive employment at 2-year follow-up of a vocational rehabilitation programme for individuals with schizoph.pdf,0c869a347b3568d3c9a77d63038dbcb68f6d71677fb704331f171e0b44ca1b2c,yes,include,yes,not_applicable,jump_norway,jump_norway,"shares cohort with: evensen2019, gjerdalen2023, klungsyr2021, lystad2017 | MULTIPLE INCLUDED REPORTS, apply result selection rule",crossref,yes,23,"CRITICAL SELECTION vocational-service entry (D9 `selected`); 31 of 139 observed at 2y, not 31/148",drafted,,
evensen2019,Evensen,2019,Exploring the potential cost-effectiveness of a vocational rehabilitation program for individuals with schizophrenia in a high-income welfare society,BMC Psychiatry,10.1186/s12888-019-2130-7,1234 3.pdf,7abe576f1e3ad8ba397fa5537b3a3fe54e975e57c4435812c2ed9cd95596a192,yes,include,yes,not_applicable,jump_norway,jump_norway,"shares cohort with: evensen2017, gjerdalen2023, klungsyr2021, lystad2017",crossref,yes,25,same participants as evensen2017 and gjerdalen2023; denominator 69 with cost data,not_requested,,
falk2016,Falk,2016,"Employment and income among first-time cases diagnosed with non-affective psychosis in Stockholm, Sweden: a follow-up study 2004/2005–2010",Social Psychiatry and Psychiatric Epidemiology,10.1007/s00127-015-1141-z,s00127-015-1141-z.pdf,a1a80ef1615f259f92e2948d74a5e788e7d2fbfb61c8466f76bb912097d4f452,yes,include,no,not_applicable,stockholm_2005,stockholm_2005,,crossref,yes,47,"CONFIRMED. ADDITION: follow-up is to the single calendar year 2010 from inclusion years 2005 or 2006, so followup_basis = calendar_end_common (D12.8), elapsed follow-up is 4 to 6 years, and the result is barred from every landmark horizon independently of the missing numerator.",drafted,,
fowler2019,Fowler,2019,Social Recovery Therapy in improving activity and social outcomes in early psychosis: Current evidence and longer term outcomes,Schizophrenia Research,10.1016/j.schres.2017.10.006,1-s2.0-S0920996417306151-main.pdf,4ebec6d9298cf22d9b28ad9c3c8fe73e67ea6f50350d6f40c974b8015b0fb721,yes,include,,not_applicable,isrep_rct,isrep_rct,,crossref,yes,16,"ZERO EVENTS 0/24 non-affective TAU; severe social disability, long prior unemployment",not_requested,,
fulford2018,Fulford,2018,Prospective Relationships Between Motivation and Functioning in Recovery After a First Episode of Schizophrenia,Schizophrenia Bulletin,10.1093/schbul/sbx096,sbx096.pdf,e1092b2af83f196fb34f14507655290fcb1bb46c17d24c9ea563e60ff57ceb4b,yes,include,no,not_applicable,raise_etp,raise_etp,,crossref,yes,39,"CONFIRMED on all three. ADDITION: the work-or-school score is three SURF items combined and then 'aggregated across 6-month time points', so the printed percentage is the mean of an aggregated score, not necessarily a proportion of participants; 39.8% at baseline is not n/404 for any integer n.",drafted,,
gjerdalen2023,Gjerdalen,2023,Vocational rehabilitation augmented with cognitive behavioral therapy or cognitive remediation for individuals with schizophrenia: a 5-year follow-up study,Nordic Journal of Psychiatry,10.1080/08039488.2022.2042598,Vocational rehabilitation augmented with cognitive behavioral therapy or cognitive remediation for individuals with schizophrenia  a 5-year follow-up .pdf,40cb3e610f0653da360cb731a3f9b208399241ce5b8dd8a499e1c355c7c47380,yes,include,yes,not_applicable,jump_norway,jump_norway,"shares cohort with: evensen2017, evensen2019, klungsyr2021, lystad2017 | MULTIPLE INCLUDED REPORTS, apply result selection rule",crossref,yes,66,"33/148 at 5y, PERIOD prevalence (worked >=1 month in the last calendar year); same participants as evensen2017 and evensen2019",drafted,,
greenwood2025,Greenwood,2025,The Early Youth Engagement (EYE-2) intervention in first-episode psychosis services: pragmatic cluster randomised controlled trial and cost-effectiveness evaluation,The British Journal of Psychiatry,10.1192/bjp.2024.154,the-early-youth-engagement-eye-2-intervention-in-first-episode-psychosis-services-pragmatic-cluster-randomised-controlled-trial-and-cost-effectiveness-evaluation.pdf,05b82e8e10484ab544fbbf07cb4c800a90c382aa3836909ee3dc2426b9d30000,yes,include,no,not_applicable,eye2_trial,eye2_trial,,crossref,yes,44,"CLUSTER randomised (20 EIP teams, 5 NHS sites, 11 v 9 teams, 652 v 375 patients) CONFIRMED. Employment only as adjusted mean days in an imputed subsample CONFIRMED (Table 2, p. 149: 7.56 days, 95% CI -35.64 to 50.76, N = 232 of 1027, footnote 'All models based on imputed data samples'). THREE ADDITIONS the note did not carry: (1) the Table 2 row is labelled 'Paid and unpaid employment', so the construct is vocational_activity and not paid_any; (2) the measure is a DURATION in days, not a prevalence, so the ascertainment vocabulary has no exact value for it; (3) the 232 is the consenting societal-cost subsample spanning both arms, of whom 456 refused consent and 339 were lost or not approached, and it differed from the whole sample on ethnicity and sex.",drafted,,
hakulinen2019,Hakulinen,2019,"The association between early-onset schizophrenia with employment, income, education, and cohabitation status: nationwide study with 35 years of follow-up",Social Psychiatry and Psychiatric Epidemiology,10.1007/s00127-019-01756-0,s00127-019-01756-0.pdf,d3d3be48bd8cb4fa2c5c69cd20ef7f90240c527583aabbf94d8586f43a723571,yes,include,no,not_applicable,dk_registers_birth,dk_registers_birth,,crossref,yes,7,"REFUTED AS A STATEMENT ABOUT THE HELD EVIDENCE: the Online Appendix is NOT in the PDF held at dissertation_shared_folder/Data Extraction Papers/s00127-019-01756-0.pdf, which is the 9-page article ending in the reference list, and no supplement for this report is in dissertation_shared_folder/supplements/. Neither the 9,444 denominator nor Appendix Table 2 could be seen or checked in this extraction. The article itself prints 9,448 as the number diagnosed between ages 15 and 25 (Results, Sample, p. 1346), not 9,444. The rest of the note is UPHELD and reinforced: back-calculation is forbidden, the outcome is an annual AKM status and therefore period prevalence, and exact numerators are needed from the authors. TWO ADDITIONS: (1) the measurement point is a fixed chronological age (25, 30, 40, 50, 60), not an elapsed follow-up, so followup_basis is chronological_age and the result is barred from every landmark horizon under D12.3b regardless of the counts; (2) the AKM construct is the single most important employment status of the year judged on the main source of income, so a person mainly on a disability pension counts as outside the labour market even if they did paid work, and the construct is therefore NOT paid_any.",drafted,,
hakulinen2020,Hakulinen,2020,Employment Status and Personal Income Before and After Onset of a Severe Mental Disorder: A Case-Control Study,Psychiatric Services,10.1176/appi.ps.201900239,hakulinen-et-al-2019-employment-status-and-personal-income-before-and-after-onset-of-a-severe-mental-disorder-a-case.pdf,e9e72616bdfcb973936f58534286777f90cfc839609362d564fc59f6a48b7c4b,yes,include,yes,not_applicable,fi_registers,fi_registers_scz,Two parallel cohorts. The scalar cohort_id carries the primary-contributing cohort only; report_cohort_map.csv is the authority and carries both.,crossref,yes,72,"CONFIRMED in all three parts. 968 is printed as a count in the Results ('on average, 14% (N=968) of individuals with schizophrenia ... were employed'); 6,939 is printed twice, in the Results and in Table 1's Year 0 row; 968/6939 = 13.95%, matching the printed 14%. Every other year is a line in Figure 1 with no counts and is not extracted. ADDITION: the other nonaffective psychosis group is equally recoverable at year 0, 11,335/34,565 = 32.8% against a printed 33%, and is extracted as a second cohort. The whole sentence is internally consistent: the bipolar group (3,875/9,047 = 42.8% against 43%) and both printed control figures (112,259/172,825 = 65.0%; 31,242/45,235 = 69.1%) reconcile as well.",drafted,,
hansen2024,Hansen,2024,Use and discontinuation of antipsychotic medication in 20 years following a first episode of schizophrenia: results from the OPUS trial,Psychological Medicine,10.1017/S0033291724002678,S0033291724002678a.pdf,8a78483ff44813b4b57622dcd7948a345fdc2039d67e5a05ede0b22c51c6afde,yes,include,,not_applicable,opus_1998,opus_1998,shares cohort with: hansen2024b,"first page, hand verified",yes,65,105/416 at 20y register; strict work definition gives 54/416,not_requested,,
hansen2024b,Hansen,2024,Clinical illness course and family-related outcomes among parents with a first episode of schizophrenia spectrum disorder: a 20-year follow-up of the OPUS trial,Psychological Medicine,10.1017/S0033291724000680,clinical-illness-course-and-family-related-outcomes-among-parents-with-a-first-episode-of-schizophrenia-spectrum-disorder-a-20-year-follow-up-of-the-opus-trial.pdf,571f00ac46b60a10912f8953bcb6295bafba2eab298ddc68723262be9139695f,yes,linked_report,,not_applicable,opus_1998,opus_1998,shares cohort with: hansen2024,crossref,yes,38,"64/174; same cohort as hansen2024, smaller denominator",not_requested,,
harrow2017,Harrow,2017,A 20-Year multi-followup longitudinal study assessing whether antipsychotic medications contribute to work functioning in schizophrenia,Psychiatry Research,10.1016/j.psychres.2017.06.069,1-s2.0-S0165178116321278-main.pdf,fa75fe20525bc05aa88eac61c23d6a90433d5761844ad596c3fc195fc6e8b5d3,yes,include,yes,not_applicable,chicago_followup,chicago_followup,shares cohort with: jones2024,crossref,yes,57,"9/36 and 16/22 at 20y as printed; NOT summed to 25/58; construct is not paid employment (carers and half-time students count as working, and paid work counts only at half-time or more)",drafted,,
hui2026,Hui,2026,Impact of financial deprivation in first-episode psychosis: a prospective 4-year follow-up study,Social Psychiatry and Psychiatric Epidemiology,10.1007/s00127-025-03006-y,s00127-025-03006-y.pdf,659070ee1c4f8813a6a56b8002a1ee8257412608df1d1c7a2d3c82110b9df4bf,yes,include,no,not_applicable,hk_jcep_2009,hk_jcep_2009,,crossref,yes,51,"REFUTED. 158/219 is NOT derivable from the published table and is not recorded. Table 3 prints only 'Unemployed, n (%) 40 (65.6%) / 21 (34.4%)', and those percentages are ROW percentages of the 61 unemployed (40/61 and 21/61), not column percentages of the group sizes 112 and 107, so the table establishes no denominator at all for the employment variable. Reaching 158/219 needs two unstated steps: complementing within each deprivation group and then summing across them. The sum fails D12.2 twice, because its components would sit on different arm identities and on two different denominators (112 and 107) rather than one. The paper is also demonstrably variable in its denominators, reporting t(213), t(215) and t(206) to t(208) against a stated n of 234 elsewhere, and it never prints a per-variable n. n_employed and n_outcome_observed are therefore blank; the candidate values 72/112, 86/107 and 158/219 are recorded in the result's notes and put to the authors, not used. AGE 26-55 CONFIRMED, and it is a deliberate design feature: 'the JCEP project was designed to include individuals aged 26-55 years, extending EI research to older adults with psychosis'. ADDITION the note did not carry: 120 of the 360 randomised participants were excluded from the analysis for not receiving early intervention, so the 240 is two of three allocation groups and not a whole recruited cohort; it cannot enter the prevalence intercept whatever counts arrive.",drafted,,
jirapramukpitak2022,Jirapramukpitak,2022,Effectiveness of a community health worker-led case management programme to improve outcomes for people with psychotic disorders in Thailand: a one-year prospective cohort study,BMC Psychiatry,10.1186/s12888-022-03888-1,12888_2022_Article_3888.pdf,7a81e3cae619093b116e2749714e760cf2725abdf0369aa199593c29931b599f,yes,include,yes,not_applicable,bangkok_licm,bangkok_licm,,crossref,yes,74,"CELLS CONFIRMED, PROVENANCE CORRECTED, AND ONE CLAIM NOT RECORDED. 146/372 and 43/177 are exactly right and were verified cell by cell: Table S3's early-stage panel prints Employment Yes 140 non-LICM + 6 LICM = 146 and No 206 + 20 = 226, summing to the printed stratum size of 372, with 39.3% printed against 146/372 = 39.25%; the later-stage panel prints Yes 36 + 7 = 43 and No 103 + 31 = 134, summing to 177, with 24.3% printed against 43/177 = 24.29%. PERIOD PREVALENCE CONFIRMED: 'Employment was defined as respondents' reporting of 12-month personal earnings before taxes ... The presence of such earnings was classified as being employed.' PROVENANCE CORRECTION: docs/data_requests.md lists this report under 'Resolved from supplements', but no supplement file for it exists in dissertation_shared_folder/supplements/ and no row for it exists in data/supplement_provenance.csv, so nothing in the repository supported the note. Additional file 1 was re-retrieved during this extraction from the publisher CDN and read directly; the URL and sha256 are in the report row and should be added to data/supplement_provenance.csv. 189/549 IS NOT RECORDED AS A RESULT: the arithmetic is exact and the two strata are a mutually exclusive, exhaustive partition of the whole recruited cohort, but they are two subgroup arms on two different denominators, and D12.2 and the validator both forbid naming components that do not share an arm and a denominator. It is raised for a schema ruling in unresolved_queries.md U9. BATCH QUESTION ANSWERED: the two stages are ONE recruited cohort, not two. All 551 were recruited through the same three sources into one catchment-area sample and then split post hoc on the number of past psychotic relapses, so they take subgroup arms of one cohort_id under D12.5.",drafted,,
jones2024,Jones,2024,Using latent class analysis to investigate enduring effects of intersectional social disadvantage on long-term vocational and financial outcomes in the 20-year prospective Chicago Longitudinal Study,Psychological Medicine,10.1017/S0033291724000588,using-latent-class-analysis-to-investigate-enduring-effects-of-intersectional-social-disadvantage-on-long-term-vocational-and-financial-outcomes-in-the-20-year-prospective-chicago-longitudinal-study.pdf,a5b93218ddae12d6e2d2ad046baef6903216ac0541cb7ce02e7cf0e179629332,yes,include,no,not_applicable,chicago_followup,chicago_followup,shares cohort with: harrow2017,crossref,yes,64,ordinal work-performance scores by latent class only; same cohort as harrow2017,drafted,,
jackel2025,Jäckel,2025,"Efficacy of Individual Placement and Support (IPS) on Employment, Education, and Training in Young Adults With Early Psychosis—A Randomized Controlled Trial",Brain and Behavior,10.1002/brb3.70469,Brain and Behavior - 2025 - Jäckel - Efficacy of Individual Placement and Support  IPS  on Employment  Education  and.pdf,5863081cc329307155b94a98aeff56decc9a1c5b50c2580a3cefc5f47c0887e2,yes,include,yes,not_applicable,vivantes_berlin_rct,vivantes_berlin_rct,,crossref,yes,3,"CONFIRMED in all three parts, with the selection recorded as `selected` rather than partial. COMPOSITE EET CONFIRMED: the primary outcome is 'competitive employment, education/training (EET) for at least 15 h per week', which names all three limbs, so it is paid_or_education_or_training and never substitutes for paid_any. COUNTS CONFIRMED verbatim: 'the IPS group, 78.3% (36/46), compared to 54.6% (24/44) in the TAU group' (Results 3.2, p. 4); 36/46 = 78.26% and 24/44 = 54.55%. WORK-MOTIVATION SELECTION CONFIRMED and coded selected / work_intention_or_readiness: inclusion criterion (iii) is 'express an interest in competitive employment or professional education' and section 2.2 describes the participants as 'Young adults with EP who expressed interest in EET, independent of their education or vocational status'. It is 'partial' only in that the criterion is disjunctive, so a participant could enter on an educational goal alone; it applied to every recruited participant, which is what D9 asks. A SECOND selection trigger the note did not carry appears in Figure 1, where the ineligible include 'Other, e.g. are already enrolled in a vocational training prior to study entry (n = 50, 10%)', which is exclusion on current vocational placement and sits in direct tension with section 2.2's 'independent of their ... vocational status'. TWO FURTHER ADDITIONS: the outcome is ascertained at ANY TIME during the 12-month follow-up rather than at 12 months, and it carries a 15 hours per week intensity threshold, so it fails the primary construct, ascertainment and intensity rules independently; and the trial reports no arm-level competitive-employment count at any timepoint despite being an IPS trial.",drafted,,
khare2021,Khare,2021,A longitudinal analysis of employment in people with severe mental illnesses in India,Schizophrenia Research,10.1016/j.schres.2021.01.004,1-s2.0-S0920996421000463-main.pdf,b6ed4266cdcc5d57488cf36f89efdeceb703d740adabb19b91f41cb5fe797846,yes,include,,not_applicable,pune_private,pune_private,,crossref,yes,60,"VERIFIED 287/456 in any paid work at 12 months, derived as 257 (working at both assessments) + 30 (not working at baseline but employed at follow-up) from a printed four-cell partition of the 456 analysed participants that sums exactly (257+148+21+30 = 456) and is corroborated by Table 1's urban/rural split. DISTINCT from pune_public confirmed. Construct caveat recorded: family-business workers without separate wages are included.",drafted,,
khare2022,Khare,2022,"The relationship between cognitive functioning, age and employment in people with severe mental illnesses in an urban area in India: A longitudinal study",Schizophrenia Research: Cognition,10.1016/j.scog.2022.100255,1-s2.0-S2215001322000208-main.pdf,e8742153093cdf649b3b749d28ab2e1d3711c1b4bccb2828796ad2f1ff97e648,yes,linked_report,yes,not_applicable,pune_public,pune_public,shares cohort with: unknown2022,crossref,yes,62,percentages quoted from companion paper; same cohort as unknown2022,drafted,,
klungsyr2021,Klungsøyr,2021,G-estimation of causal pathways in vocational rehabilitation for adults with psychotic disorders – a secondary analysis of a randomized trial,BMC Psychiatry,10.1186/s12888-021-03349-1,s12888-021-03349-1.pdf,fdf6a8ab4f614e76550633c2a995493065bab2c330815c42763749097eeb69d8,yes,include,no,not_applicable,jump_norway,jump_norway,"shares cohort with: evensen2017, evensen2019, gjerdalen2023, lystad2017",crossref,yes,43,mean weekly working hours only; same participants as lystad2017,drafted,,
leighton2019,Leighton,2019,"Development and validation of multivariable prediction models of remission, recovery, and quality of life outcomes in people with first episode psychosis: a machine learning approach",The Lancet Digital Health,10.1016/S2589-7500(19)30121-9,1-s2.0-S2589750019301219-main.pdf,9b6797b09b62ae5631d3c3f41941100175863e8a6d47e7a041365f3e626b761d,yes,include,,not_applicable,national_eden,national_eden,,"first page, hand verified",yes,36,"CONFIRMED 436/807 at 12 months for national_eden, a paid_or_education_or_training composite. THREE validation samples must be kept out of the pools, not one: opus_1998 (173/553, already extracted as hansen2024 and hansen2024b), crisp_glasgow and glasgow_edinburgh_2006 (pooled by this report as 'Scottish' 59/142, and reported separately by leighton2019b as 32/75 and 27/67). All three are recorded in report_cohort_map.csv as relationship=validation_sample, contributes_results=no, and none has a result row in this shard.",drafted,,
leighton2019b,Leighton,2019,Predicting one-year outcome in first episode psychosis using machine learning,PLOS ONE,10.1371/journal.pone.0212846,file.pdf,3e3389212892bfb3d45c9e9c09875dd84bc09efd4c88a95e759f07e9a75f7378,yes,include (unchanged),,not_applicable,crisp_glasgow,crisp_glasgow,Two parallel cohorts. The scalar cohort_id carries the primary-contributing cohort only; report_cohort_map.csv is the authority and carries both.,crossref,yes,91,"CONFIRMED distinct publication from leighton2019 (PLOS ONE 14(3):e0212846, 7 March 2019, cited by leighton2019 as reference 9). Two independently recruited cohorts, reported SEPARATELY not pooled: crisp_glasgow 32/75 and glasgow_edinburgh_2006 27/67 at 12 months, both paid_or_education_or_training composites. 'Training' in the old note meant the machine-learning training dataset, not vocational training.",drafted,,
liangrong2021,Zheng,2021,Long-Term Outcomes and Predictors of Childhood-Onset Schizophrenia: A Naturalistic Study of 6-year Follow-Up in China,Frontiers in Psychiatry,10.3389/fpsyt.2021.679807,fpsyt-12-679807.pdf,94c06b5d032abfdea2f1f2816dd9fa061cc202cd87e646d32ddb41734a0d41b9,yes,include,,not_applicable,sunyatsen_guangzhou,sunyatsen_guangzhou,,crossref,yes,45,"CONFIRMED 70/170 employed and 159/170 at school or employed, all internally consistent. The 67 months is the MEDIAN of a length-of-follow-up distribution running from 0.2 to 16.8 years (IQR 3.0 to 7.7), so it is not an elapsed landmark: followup_basis is set to a value barred from every horizon and the result cannot enter the 5-year band, which it would otherwise fall inside.",drafted,,
lin2022,Lin,2022,"Unemployment, homelessness, and other societal outcomes in patients with schizophrenia: a real-world retrospective cohort study of the United States Veterans Health Administration database",BMC Psychiatry,10.1186/s12888-022-04022-x,Unemployment_homelessness_and_other_societal_outco.pdf,a00388d810da49ffa03960a1561550c5486fb2ba0963bace1bf7e4411f40c39d,yes,include,no,not_applicable,us_vha,us_vha,,crossref,yes,75,"unemployment percentages in a figure, no counts; ascertainment unspecified",drafted,,
lin2026,Lin,2026,"Clinical remission, functional recovery, and employment in early-phase schizophrenia treated with paliperidone palmitate: An 18-month longitudinal Asia-Pacific study",Psychiatry Research,10.1016/j.psychres.2026.116955,1-s2.0-S0165178126000168-main.pdf,af3d225610666df49c8ac5bc0768798dd6f4dfab4da323054ee9d2e2c2d1e3ba,yes,include,,not_applicable,pp1m_asiapac,pp1m_asiapac,,crossref,yes,12,"SUPPLEMENT RESOLVED Table S3 gives observed-case counts at every visit: m12 121/303, m15 119/289, m18 127/280; point prevalence; denominators are completers so attrition is informative",not_requested,,
lindgren2020,Lindgren,2020,Neurocognition and Social Cognition Predicting 1-Year Outcomes in First-Episode Psychosis,Frontiers in Psychiatry,10.3389/fpsyt.2020.603933,fpsyt-11-603933.pdf,633baa3d12b6f4977f15b828495eb5202df69a53db64bf50ffe9466f08136e7d,yes,include,,not_applicable,helsinki_eps,helsinki_eps,,crossref,yes,78,"CONFIRMED on all three counts. 26/53 (49.1 per cent) at the 1-year interview; the construct is 'working (full-time or part-time work) or studying and not being on sick leave', coded paid_or_education; small sample confirmed, and worse than it looks because the size of the recruited cohort is never printed, so n_entered is blank and the SAP section 6 bounding analyses cannot run for this cohort.",drafted,,
luo2019,Luo,2019,Effectiveness of an Assertive Community Treatment program for people with severe schizophrenia in mainland China – a 12-month randomized controlled trial,Psychological Medicine,10.1017/S0033291718001629,effectiveness-of-an-assertive-community-treatment-program-for-people-with-severe-schizophrenia-in-mainland-china-a-12-month-randomized-controlled-trial.pdf,e44a2f6e6486e3456bd8238979add9d1f2b5dc7e9fa7d3ba46bd043994619a35,yes,include,,not_applicable,changsha_act_rct,changsha_act_rct,,crossref,yes,63,"NEAR-ZERO CELL CONFIRMED as printed, 10/30 ACT against 1/28 control, recorded with no continuity correction. TWO CORRECTIONS: (a) ascertainment is any_time_during_followup, not point prevalence, since the counts are of patients who 'returned to wage-earning employment ... over the 12-month follow-up' with Kaplan-Meier time-to-event analysis censored at 365 days, so no 12-month status is printed at all; (b) 'selected for severe impairment' is REFUTED as an employment-selection ground, because severe functional impairment is not among the criteria D9 enumerates. Employment selection is coded unclear on incomplete_reporting instead, because the operational content of inclusion criteria (4) and (5) is held only in the online Supplementary materials, which are not in the PDF, and because the re-employment framing implies but never states universal baseline unemployment.",drafted,,
lystad2017,Lystad,2017,Cognitive remediation and occupational outcome in schizophrenia spectrum disorders: A 2 year follow-up study,Schizophrenia Research,10.1016/j.schres.2016.12.020,1-s2.0-S0920996416305941-main.pdf,a9771f63cc9f3d244c92f848099e896599da01b8a8ad536d72d5186b426f71e9,yes,linked_report,no,not_applicable,jump_norway,jump_norway,"shares cohort with: evensen2017, evensen2019, gjerdalen2023, klungsyr2021",crossref,yes,15,numbers only in a figure; same participants as klungsyr2021 and evensen2017,drafted,,
mackinley2022,MacKinley,2022,Central Oxidative Stress and Early Vocational Outcomes in First Episode Psychosis: A 7-Tesla Magnetic Resonance Spectroscopy Study of Glutathione,Schizophrenia Bulletin,10.1093/schbul/sbac012,sbac012.pdf,,no,not_in_screening_set,,not_applicable,pepp_ontario_late,pepp_ontario_late,,crossref,no,,"composite EET; counts only via median-split GSH groups; 6-12m window varies | PDF REMOVED 11 August 2026: off the DATA_EXTRACTION_FINAL.xlsx screening list. Row retained for the PRISMA audit trail. Reassess when the D8 search update runs. | DISPOSITION 11 August 2026: was `include`. Not on the DATA_EXTRACTION_FINAL.xlsx screening list of 90, so this is not an eligibility decision and the row is not counted in the PRISMA eligibility flow. Reinstating it requires a documented screening-list amendment, not a status change.",,,
maguire2021,Maguire,2021,"Symptomatic, functional and service utilization outcomes of migrants with a first episode of psychosis",Social Psychiatry and Psychiatric Epidemiology,10.1007/s00127-020-02011-7,s00127-020-02011-7.pdf,bf91093dc839bb69caa952515bfcbab4e75fea92a38fc6d82ae210b528ea1b78,yes,include,,not_applicable,eppic_melbourne_2011,eppic_melbourne_2011,,crossref,yes,35,"CONFIRMED with three sharpenings. 594/1196 is a SUM of two printed subgroup counts (137/293 migrants and 457/903 Australian-born, Table 3, p. 1394), not a printed total. The composite is paid_or_education, not paid_or_education_or_training: the definition is 'being an engaged student or having regular employment made one eligible for the ""working or studying"" group', which names work and study and not training. Discharge timing is coded followup_basis = calendar_end_common and is barred from every horizon. NEW: the migrant figure is printed as 46.8 per cent in Table 3 and as 47.3 per cent in the text on p. 1395, so the migrant and whole-cohort rows are conflict_status = unresolved.",drafted,,
majuri2021,Majuri,2021,Return to the labour market in schizophrenia and other psychoses: a register-based Northern Finland Birth Cohort 1966 study,Social Psychiatry and Psychiatric Epidemiology,10.1007/s00127-020-02009-1,s00127-020-02009-1.pdf,84fc4eddc0086629e0533b388a9509ee9f52d9308ad21f0f65f637f4cdf0f470,yes,include,,not_applicable,nfbc1966,nfbc1966,"shares cohort with: majuri2023, rautio2016 | MULTIPLE INCLUDED REPORTS, apply result selection rule",crossref,yes,49,CRITICAL denominator restricted to 170 already on disability pension; outcome is pension discontinuation,not_requested,,
majuri2023,Majuri,2023,Employment trajectories until midlife in schizophrenia and other psychoses: the Northern Finland Birth Cohort 1966,Social Psychiatry and Psychiatric Epidemiology,10.1007/s00127-022-02327-6,s00127-022-02327-6.pdf,ded9591b51a23e4b27df8d8dd9532d08ec8978cd3d80dad49b9bebfe437cd680,yes,include,,not_applicable,nfbc1966,nfbc1966,"shares cohort with: majuri2021, rautio2016",crossref,yes,8,"CONFIRMED, and report_quantifiable is set to no. Table 2 (p. 70) gives latent-class membership counts only. Table 1's Statistics Finland socioeconomic status at age 46 was examined as the only other candidate and deliberately NOT summed into a paid_any count: its residual category is printed as 'others, mostly unemployed' so zero work is not separable (D12.3), it is measured at chronological age 46 (D12.3b), the report never presents it as employment status, and the schizophrenia-men column's cells sum to 28 against a printed header of 29. Result selection across rautio2016, majuri2021 and majuri2023 resolves to NO CHANGE.",drafted,,
martini2017,Martini,2017 (unchanged; PROPOSED QUERY: issue year is 2018),Schizophrenia and work: aspects related to job acquisition in a follow-up study,Revista Brasileira de Psiquiatria,10.1590/1516-4446-2016-2128,document.pdf,522685e79ac63771a617b9b3167fe70c28c1a56e9ad42e937849907f5ee90025,yes,include,,not_applicable,saopaulo_prevoc,saopaulo_prevoc,,crossref,yes,77,"BOTH CONFIRMED. Selection wording quoted in extraction_cohorts.csv: 'who expressed a desire for employment' and 'a convenience sample ... of schizophrenics desiring employment'; employment_selection_status = selected, reason work_intention_or_readiness. The inconsistency is confirmed and is three-way, not two-way: 19/45 = 42.2 per cent, 35.8 per cent requires a base of 53, and the job-duration bands on p. 38 (3, 6 and 10 people printed as 6.8, 13.6 and 22.7 per cent) imply a third base of 44. conflict_status = unresolved and no denominator was reconstructed.",drafted,,
mayoralvanson2019,Mayoral‐van Son,2019,"Understanding the direct and indirect costs of a first episode of psychosis program: Insights from PAFIP of Cantabria, Spain, during the first year of intervention",Early Intervention in Psychiatry,10.1111/eip.12752,Early Intervention Psych - 2018 - Mayoral‐van Son - Understanding the direct and indirect costs of a first episode of.pdf,193feb25e032579d50041bd5ee76abfab86a778aafe3c9183b00a760ffb87da8,yes,include,yes,not_applicable,pafip_spain,pafip_spain,shares cohort with: ayesaarriola2020,crossref,yes,88,"36 employed at 12 months; students classified inactive so genuinely paid-only; same cohort as ayesaarriola2020. DENOMINATOR CORRECTED: 157 is the reporting base, not the observed denominator. Table 3's four mutually exclusive 1-year categories (36 + 71 + 28 + 21) sum to 156, and one patient died during the year, so 156 had a status recorded; the printed 1-year percentages nevertheless divide by 157 while the baseline percentages in the same table divide by 156.",drafted,,
mcgurk2016,McGurk,2016,Cognitive remediation for vocational rehabilitation nonresponders,Schizophrenia Research,10.1016/j.schres.2016.04.045,1-s2.0-S0920996416301943-main.pdf,de9bbb3d84750bb2169b4be0b479e6bcbc65038aa3b7836c613c33e24a205473,yes,include,,not_applicable,brooklyn_tsw_rct,brooklyn_tsw_rct,,crossref,yes,13,"SELECTION CONFIRMED, WORDING CORRECTED. The paper's criteria are 'currently enrolled in a vocational rehabilitation program for at least 3 months' and 'has not benefited from recent vocational rehabilitation, defined as either has not worked for the past 3 months, including transitional employment jobs, or having a recent unsuccessful ending of a job ... that lasted less than 3 months' (1.1 Participants, p. 49). There is NO 'seeking work' criterion anywhere in the report. Recorded reason: prior_employment_failure; baseline_unemployed_required = yes; baseline_wants_work_required = unclear. ADDED: all three employment outcomes are cumulative over 36 months (any_time_during_followup), never point prevalence, and four of the six arm rows are blocked as unresolved by printed contradictions.",drafted,,
mervis2017,Mervis,2017,"Effects of the Indianapolis Vocational Intervention Program (IVIP) on defeatist beliefs, work motivation, and work outcomes in serious mental illness",Schizophrenia Research,10.1016/j.schres.2016.10.036,1-s2.0-S0920996416304807-main.pdf,4bb849f43a0b253a4fbe50928d44796e4ac5d00943ffc20f2f23e31f4c46e7a6,yes,include,,not_applicable,institute_living_rct,institute_living_rct,,crossref,yes,14,"SELECTION CONFIRMED; CONSTRUCT REFUTED AS PAID WORK. Selection quoted: 'deemed not ready for supported employment by their referring clinician', with 'no placement or no history of success in past 6 months the requisite'. The outcome is NOT recorded as paid_any or paid_competitive. The report never establishes that the supported employment counted was paid: it gives no wage, employer or labour-market setting, and it alternates between 'enrolled in supported employment' (2.5.1.3 and 2.6, p. 131) and 'secure supported employment' (Results, p. 132). outcome_construct = unclear per the codebook's instruction for an unestablished labour-market setting or remuneration. The one wage in the paper, $10 per hour, is for the four-month work therapy placement both arms received, not for the outcome.",drafted,,
mihaljevicpeles2016,Mihaljevic-Peles,2016,Remission and employment status in schizophrenia and other psychoses: one-year prospective study in Croatian patients treated with risperidone long acting injection,Psychiatria Danubina,,dnb_vol28_no3_263.pdf,4f1df4899fced84799307deac1bf4b06a4ee30426a896052160c470a830c6103,yes,include,,not_applicable,croatia_rlai,croatia_rlai,,"first page, hand verified",yes,80,DENOMINATOR CONFLICT abstract 77/257 vs results 77/205 after excluding 71 pensioners,drafted,,
moncrieff2025,Moncrieff,2025,The association between relapse and the outcome of schizophrenia and recurrent psychotic disorders,The British Journal of Psychiatry,10.1192/bjp.2024.304,S0007125024003040a.pdf,828c59b3b4cecb2701777159f84c91ec8f48d68619aee71629aab4fbf95d3478,yes,include,,not_applicable,radar_trial,radar_trial,,crossref,yes,76,"ALL THREE CONFIRMED. EET composite: 'employment status, categorised as being or not being in employment, education or training' (Method, p. 674), so paid_or_education_or_training. Both arms pooled: 'The present analysis treats participants recruited to the trial as a single cohort' and 'For all analyses, we combined data from both randomised groups'. Established psychosis: mean age is not printed for the whole cohort, but the sample-size-weighted mean of the printed subgroup means (44.25 in 82 relapsers, 47.30 in 171 non-relapsers) is 46.3 years, and about a third had been in contact with services for over 20 years. ADDED: the 190 participants with EET status are split irreconcilably between Table 2 (66 and 124), the Results text (70.7 and 77.2 per cent of 82 and 171, i.e. 58 and 132) and Table 4 (57, 132, total 189), so every EET row is conflict_status = unresolved.",drafted,,
mucci2021,Mucci,2021,Factors Associated With Real-Life Functioning in Persons With Schizophrenia in a 4-Year Follow-up Study of the Italian Network for Research on Psychoses,JAMA Psychiatry,10.1001/jamapsychiatry.2020.4614,jamapsychiatry_mucci_2021_oi_200087_1619663133.19598.pdf,6666d378981ad08fb812736551560e575427121ab5fdea644492a0efbea2228a,yes,include,no,not_applicable,nirp_italy,nirp_italy,,crossref,yes,2,"208 at 4y, denominator NOT recoverable; 35.4% is incompatible with the 618 analysed; conflict_status = unresolved",drafted,,
nakamura2025,Nakamura,2025,Impact of negative symptom reduction on employment and vocational activity outcomes following cognitive remediation therapy in schizophrenia: A 1‐year follow‐up study,Psychiatry and Clinical Neurosciences Reports,10.1002/pcn5.70117,PCN Reports - 2025 - Nakamura - Impact of negative symptom reduction on employment and vocational activity outcomes.pdf,1d2beddf8a7e4a1508db2fec43b75a44b42088968bdd426b37a9f35a88851218,yes,include,yes,not_applicable,kariya_daycare,kariya_daycare,,crossref,yes,4,"CONFIRMED n=21; 4/21 formal employment under a labour contract is the only paid-work count; 5/21 Type B is NOT paid work; ascertainment is attainment over 12 months, not point prevalence; cohort is employment-selected (authors state self-selection on vocational goals)",drafted,,
nossel2018,Nossel,2018,Results of a Coordinated Specialty Care Program for Early Psychosis and Predictors of Outcomes,Psychiatric Services,10.1176/appi.ps.201700436,nossel-et-al-2018-results-of-a-coordinated-specialty-care-program-for-early-psychosis-and-predictors-of-outcomes.pdf,910d60a2e00798d725b568883035fef382a16e26874b1a295e11afdb65f09b4f,yes,include,yes,not_applicable,ontracky_ny,ontracky_ny,shares cohort with: basaraba2023,crossref,yes,89,124/260 at 6m only; 12m is model-estimated composite; same network as basaraba2023,drafted,,
pedersen2025,Pedersen,2025,Vocational Rehabilitation in Young Adults With Incident Schizophrenia—A Danish Retrospective Cohort Study,Early Intervention in Psychiatry,10.1111/eip.70062,EIP-19-0.pdf,06280af90ce7c929d92c4c32b2dcfd9e13e4b0b0058c51dbf9b35856461c7cdf,yes,include,yes,not_applicable,opus_2014,opus_2014,"OPUS here is the routine Danish OPUS early-intervention SERVICE (Aarhus and Aalborg, OPUS start 2014-2019), NOT the 1998-2000 OPUS randomised trial (opus_1998). No participant overlap is possible. Participants ARE inside dk_registers_1998 and dk_registers_birth.",crossref,yes,69,CONFIRMED selection (verbatim recorded); CONFIRMED distinct from opus_1998; 37/246 REFUTED as an extractable result - the report prints only arm-level counts (22/116 Morpheus and 15/130 standard at 4 years),drafted,,
peebo2022,Peebo,2022,First-episode psychosis integrative treatment: Estonian experience,Nordic Journal of Psychiatry,10.1080/08039488.2021.1946139,First-episode psychosis integrative treatment  Estonian experience.pdf,b7a8a9857955bfabada8ea265409054f3ee4e3f127979c6553ff7d109ccbe290,yes,include,no,not_applicable,tallinn_fep,tallinn_fep,"Describes two samples: tallinn_fep (prospective intervention cohort, n=199) and tallinn_fep_tau (retrospectively formed treatment-as-usual comparison group, n=114). Second cohort contributes no result.",crossref,yes,90,"CONFIRMED on both points; additionally the construct 'Employment' is never defined, and Table 2b's 12-month 47.7% is arithmetically impossible on its stated base of 154",drafted,,
peralta2025,Peralta,2025,"Social exclusion as a major outcome domain of psychotic disorders: early predictors, and associations with non-recovery and clinical staging 21 years after a first episode of psychosis",Social Psychiatry and Psychiatric Epidemiology,10.1007/s00127-024-02650-0,s00127-024-02650-0.pdf,,no,not_in_screening_set,,not_applicable,segpeps_navarra,segpeps_navarra,,crossref,no,,"80/243 at mean 21y; paid working; from Table 1 characteristics at follow-up | PDF REMOVED 11 August 2026: off the DATA_EXTRACTION_FINAL.xlsx screening list. Row retained for the PRISMA audit trail. Reassess when the D8 search update runs. | DISPOSITION 11 August 2026: was `include`. Not on the DATA_EXTRACTION_FINAL.xlsx screening list of 90, so this is not an eligibility decision and the row is not counted in the PRISMA eligibility flow. Reinstating it requires a documented screening-list amendment, not a status change.",,,
petrakis2019,Petrakis,2019,Vocational support in mental health service delivery in Australia,Scandinavian Journal of Occupational Therapy,10.1080/11038128.2018.1498918,Vocational support in mental health service delivery in Australia (1).pdf,5c56f60a0565dc230da5463d86827b6ddbc64e7af9e11981777d918f203e3bfb,yes,include,yes,not_applicable,stvincents_ips,stvincents_ips,,crossref,yes,85,"CONFIRMED selection (verbatim recorded); diagnosis gate PASSED: 99/136 = 72.8% qualifying psychosis, and under D13 that is sufficient on its own; the 46.3% headline is NOT paid work",drafted,,
rautio2016,Rautio,2016,Prognosis of schizophrenia spectrum disorder may not be predetermined during early development – the Northern Finland Birth Cohort 1966,Schizophrenia Research,10.1016/j.schres.2016.02.038,1-s2.0-S0920996416300925-main.pdf,4704940822366e572cdbc6d28e99888b114155a2cf2f1c07e491cd6b9a9be6f8,yes,include,,not_applicable,nfbc1966,nfbc1966,"shares cohort with: majuri2021, majuri2023 | MULTIPLE INCLUDED REPORTS, apply result selection rule",crossref,yes,58,18/161; ZERO EVENT CELLS in Tables 2 and 3; period prevalence over final 2 years,not_requested,,
ringbom2023,Ringbom,2023,Psychotic Disorders in Adolescence and Later Long-term Exclusion From Education and Employment,Schizophrenia Bulletin,10.1093/schbul/sbac151,sbac151.pdf,9ce9db74d6592746e8ce95cb76d1d0d33bb8d95d05f68c0b3a01ff3f29535af4,yes,include,yes,not_applicable,fi_birth_1987,fi_birth_1987,,crossref,yes,68,"CONFIRMED NEET is the source composite, duration-based, coded paid_or_education_or_training and never primary; ADDITIONALLY a separate paid-work band table makes paid_any derivable as a complement (203/288 and 46/86)",drafted,,
rodriguezpulido2021,Rodríguez Pulido,2021,Cognitive remediation to improve the vocational outcomes of people with severe mental illness,Neuropsychological Rehabilitation,10.1080/09602011.2019.1692671,Cognitive remediation to improve the vocational outcomes of people with severe mental illness.pdf,6ebf81903f33bdeff9d26c2d842e50009fc3bfc4c8e5bd00fb662ed6dd92e889,yes,include,no,not_applicable,tenerife_cr_rct,tenerife_cr_rct,,crossref,yes,24,"CONFIRMED on counts, QUALIFIED on diagnosis. Counts are indeed never printed. The '83%' needs correcting: the text states '83% F20-29 and 17% F31-F32.3' (p. 300), i.e. 83% have a NON-AFFECTIVE PSYCHOSIS diagnosis and the remaining 17% are affective disorders; the abstract's 'Sixty-five participants (83% with schizophrenia or bipolar disorder)' contradicts that and cannot be right if the two ICD blocks sum to 100%. Table 1 (p. 301) gives a third figure for the 47 analysed: 35 schizophrenia (74.5%), 7 bipolar, 4 personality disorder, 1 depression. perc_qualifying_diagnosis recorded as 83 (the paper's own F20-F29 figure) with the discrepancies logged. The D13 gate passes on any of the three readings, since all exceed 50%.",drafted,,
shimada2022,Shimada,2022,Effect of individualized occupational therapy on social functioning in patients with schizophrenia: A five-year follow-up of a randomized controlled trial,Journal of Psychiatric Research,10.1016/j.jpsychires.2022.10.066,1-s2.0-S0022395622006185-main.pdf,87082984b653729fac3d88fb4efd686b729afc279b7ada2e48960e32ee6bc7dc,yes,include,no,not_applicable,nagano_iot_rct,nagano_iot_rct,,crossref,yes,10,"CONFIRMED exactly. Baseline 1.81 (SD 2.46) and 1.87 (SD 1.96); five-year follow-up 4.46 (SD 2.20) and 2.46 (SD 2.36), range 0-10 (Table 2, p. 482). A subscale mean is not a proportion. One near-miss checked and rejected: Table 1 (pp. 479-480) prints 'Income, n (% yes)' 96 (94.12%) of 102, which is a count over a denominator, but 'income' there is an undefined demographic covering any source and is not offered as an employment measure.",drafted,,
solmi2022,Solmi,2022,"Effectiveness of Antipsychotic Use for Reducing Risk of Work Disability: Results From a Within-Subject Analysis of a Swedish National Cohort of 21,551 Patients With First-Episode Nonaffective Psychosis",American Journal of Psychiatry,10.1176/appi.ajp.21121189,solmi-et-al-2022-effectiveness-of-antipsychotic-use-for-reducing-risk-of-work-disability-results-from-a-within-subject.pdf,b13ef1c3f396fe8372754802d0d6a3ca592ef9daaa6682b8a4dcfb1b1a7a2ae6,yes,include,no,not_applicable,se_registers,se_registers,,crossref,yes,41,"CONFIRMED and localised. Percentages only: Figure 1, p. 942. Disability-pension exclusion: 'We excluded people who were already on DP at first diagnosis (N=5,144)' (Methods, p. 940), recorded as arm-level analysis_selection_status = selected, reason analytic_restriction, on the mihaljevicpeles2016 precedent. Censoring: follow-up 'ended at death, emigration, DP, or the end of data linkage (December 31, 2016)' with accrual running to 2016 and median follow-up 4.8 years, so the figure's stated base cannot hold at years 1 to 5; recorded as conflict_status = unresolved on all three result rows.",drafted,,
stouten2019,Stouten,2019,"Psychopathology, cognition and outcome in Dutch and immigrant first‐episode psychosis patients",Early Intervention in Psychiatry,10.1111/eip.12561,Early Intervention Psych - 2018 - Stouten - Psychopathology  cognition and outcome in Dutch and immigrant first‐episode.pdf,5ac91c89011a400b1be4bd48d71ffcce30f9bcb167a92c2ad56615125fc44629,yes,include,no,not_applicable,parnassia_hague,parnassia_hague,,crossref,yes,40,"CONFIRMED exactly. Table 4 (p. 651) gives 'Work and study' means of 2.39 to 2.11 (Dutch), 2.60 to 2.34 (second-generation) and 2.63 to 2.41 (first-generation) from baseline to 12 months on a 0-4 range. Additionally noted: the subscale covers socially useful activities INCLUDING study and work, so even a count would not have been paid employment; and the three migration groups are subgroup arms of one recruited sample of 162 under D12.5, not three cohorts.",drafted,,
strassnig2017,Strassnig,2017,Health status and mobility limitations are associated with residential and employment status in schizophrenia and bipolar disorder,Journal of Psychiatric Research,10.1016/j.jpsychires.2017.07.011,1-s2.0-S0022395617304193-main.pdf,97d05e038e9d44d2b76d643b1244aff1831afab8e506ff55d40244e1ab11c301,yes,linked_report,no,not_applicable,suffolk_county,suffolk_county,shares cohort with: strassnig2018,crossref,yes,9,Table 1 counts internally inconsistent; same cohort as strassnig2018 which is usable,drafted,,
strassnig2018,Strassnig,2018,Associations of independent living and labor force participation with impairment indicators in schizophrenia and bipolar disorder at 20-year follow-up,Schizophrenia Research,10.1016/j.schres.2018.02.009,nihms947905.pdf,9f461a476b572386aef6f8d9aaf705a13162f51b348dae66d9fe3fa4dd55c65e,yes,include,yes,not_applicable,suffolk_county,suffolk_county,shares cohort with: strassnig2017,crossref,yes,17,"schizophrenia/schizoaffective 36/146; percentage column misaligned, use the consistent reading",drafted,,
stralin2019,Strålin,2019,Early recovery and employment outcome 13 years after first episode psychosis,Psychiatry Research,10.1016/j.psychres.2018.12.013,1-s2.0-S0165178118320080-main.pdf,144c4428472a419b2fb8ab022bb02c117ec7a8d3e2dcf8059116e5af97f37e64,yes,include,yes,not_applicable,parachute_sweden,parachute_sweden,,crossref,yes,11,"CONFIRMED and extended. 67 of 161 verified against Table 1 (p. 378, '42% (67 av 161)') and the running text. The income threshold is 100,000 SEK of employment income during the year (Methods, 2.3, p. 376), so the construct is paid_intensity_threshold under D12.3a, not paid_any, and the ascertainment is period prevalence over a 12-month window. EXTENSION: the same sentence also prints '86 cases (53%) had any income', a second count on the same denominator that the triage note does not mention. If 'any income' means any employment income it is the paid_any numerator for this cohort; the paper never defines it and the LISA register as the paper describes it also carries sickness benefits and student aid, so it is recorded with outcome_construct = unclear and an author query.",drafted,,
tarricone2017,Tarricone,2017,Occupation and first episode psychosis in Northern Italy: better outcomes for migrants,Early Intervention in Psychiatry,10.1111/eip.12325,Early Intervention Psych - 2016 - Tarricone - Occupation and first episode psychosis in Northern Italy  better outcomes for.pdf,6706885cf3f62722c6e1ab54aefdd6c08cc4a324ffecef1676696041520852f7,yes,include,,not_applicable,bologna_fep,bologna_fep,,crossref,yes,87,"75/163 at 12m; paper states 46% of total AND 53% of 135, INCONSISTENT",drafted,,
thomson2023,Thomson,2023,Long-term outcomes of the recovery approach in a high-security mental health setting: a 20 year follow-up study,Frontiers in Psychiatry,10.3389/fpsyt.2023.1111377,fpsyt-14-1111377.pdf,bdae0ee3846956a1d3b0199c6a5811dfc19f5fc307a466fc3758e73a8cfd2920,yes,include,,not_applicable,carstairs_1992,carstairs_1992,"shares cohort with: darjee2017 | MULTIPLE INCLUDED REPORTS, apply result selection rule",crossref,yes,46,ZERO EVENTS no paid employment at 20y; denominator not stated; same cohort as darjee2017,drafted,,
topor2019,Topor,2019,Recovery and economy; salary and allowances: a 10-year follow-up of income for persons diagnosed with first-time psychosis,Social Psychiatry and Psychiatric Epidemiology,10.1007/s00127-019-01655-4,s00127-019-01655-4.pdf,d171617e6d4316c3d9e9e9473399cc0ab17bdcde380b7fa04aca91ef8ebaeff0,yes,include,no,not_applicable,stockholm_2000,stockholm_2000,,crossref,yes,48,"CONFIRMED exactly, and the gap is larger than the note implies. The two subgroups are 53 and 159 people (Table 1, p. 921), 212 of the 364-person working-age follow-up group; the other 152 are never described. The subgroups are also defined by service contact during the LAST FIVE YEARS of follow-up, a post-baseline variable, so they could not have entered the primary prevalence pool even with counts.",drafted,,
tsiachristas2016,Tsiachristas,2016,Economic impact of early intervention in psychosis services: results from a longitudinal retrospective controlled study in England,BMJ Open,10.1136/bmjopen-2016-012611,e012611.full.pdf,d1896a045732d9f6cd1861788a1e0a9fda1ab45e89ff9fd3447711a2e6485f4e,yes,include,no,not_applicable,oxford_ahsn,oxford_ahsn,,"first page, hand verified",yes,70,"probability ratio only (CONFIRMED: Table 3, p. 5 prints probability ratios, standard errors and confidence intervals and no count anywhere, so report_quantifiable = no); the denominator restriction is CONFIRMED AS THE STATED DEFINITION but REFUTED AS THE ANALYSIS ACTUALLY PERFORMED: the Methods define the outcome as 'the proportion of those unemployed at start of follow-up who became employed during follow-up' (p. 3), while the printed complete-case n of 1801 (Table 5, p. 7) exceeds the roughly 1,380 who could be both not-employed at baseline and have a baseline record, given the 48.6 and 51.0 per cent missing in Table 1; both results are therefore conflict_status = unresolved; the restriction is ANALYSIS-LEVEL, not recruitment: the cohort takes employment_selection_status = none (identification is by ICD-10 code, care cluster, HONOS item 6, age 16-35 and an observed HONOS score, with no employment criterion) and the arms take analysis_selection_status = selected with reason analytic_restriction; ADD: followup_basis = calendar_end_common. The outcome is the 'earliest recorded to latest recorded' change inside one shared April 2010 to March 2013 window, so elapsed follow-up varies between individuals and is never printed, and the result is barred from every landmark horizon under D12.8.",drafted,,
turner2019,Turner,2019,Improving vocational recovery among people with psychosis: a two-pronged approach,Irish Journal of Occupational Therapy,10.1108/IJOT-12-2018-0023,ijot-12-2018-0023.pdf,533663fb9bf28ea0af85c49cff163980ed7b6da763e730b90cde1059c6bec37d,yes,include,yes,not_applicable,detect_dublin,detect_dublin,,crossref,yes,86,"n = 34 CONFIRMED as the followed-up denominator, of 39 consenters (the Results and Discussion say 38, the Abstract and the sample description say 39, and the printed 87 per cent follow-up matches 34/39); 'IPS offered only to the 21 unoccupied at baseline' CONFIRMED AS INTERVENTION ASSIGNMENT but this is NOT the analysed denominator of the main results: the two-pronged design gave IPS to the 21 without a productive role and a job-retention programme to the 18 who had one, and the headline results (25 of 34 in a productive role at T2; 21, 9 and 27 of 34 for participation) sit on the whole followed-up sample. Only the attainment result is denominator-restricted, to the 16 unoccupied at T1 who were followed up, and it is carried on a separate subgroup arm with analysis_selection_status = selected / analytic_restriction; the COHORT-level selection is vocational_service_entry, not baseline employment status: entry required internal referral to the supported employment specialist, acceptance and use of a vocational intervention, and consent (129 offered, 61 used, 39 consented); ADD: EVERY extracted result is conflict_status = unresolved. The Abstract prints 10 attaining a productive role against the Results' 8; the participation counts fail inclusion-exclusion (21 + 9 - 4 = 26 against a printed 27); the sample is 38 in two places and 39 in three; and the IPS engagement total is printed as 86 while its own components and Table I give 84; ADD: followup_basis = unclear. The mean follow-up is 18 months with SD 12 and range 2 to 44, no schedule is stated and no common end date is stated, so the timepoint cannot be assigned to any horizon.",drafted,,
twumasi2026,Twumasi,2026,Real-world effectiveness of antipsychotic treatment of functional outcomes over 10 years: A national cohort of patients in Denmark with schizophrenia,Psychological Medicine,10.1017/S0033291726104693,real-world-effectiveness-of-antipsychotic-treatment-of-functional-outcomes-over-10-years-a-national-cohort-of-patients-in-denmark-with-schizophrenia.pdf,4007563d17f236de570132ebe4546c0939aad05ccf04766463eb6d2b1cf7b8d4,yes,include,,not_applicable,dk_registers_1998,dk_registers_1998,,crossref,yes,79,"CO-AUTHOR STUDY; composite employment/education/training; 38160 vs stated 69.1% implies 55200, INCONSISTENT | Screening sheet DATA_EXTRACTION_FINAL.xlsx row 79 records this study under its medRxiv preprint DOI 10.64898/2026.01.07.26343585; the manifest holds the published Psychological Medicine DOI. Same paper, accepted alias in scripts/check_folder.py.",drafted,,
wang2020,Wang,2020,Frailty affects employment outcomes in patients with schizophrenia in noncompetitive employment: A 4-year longitudinal study,Schizophrenia Research,10.1016/j.schres.2020.04.026,1-s2.0-S0920996420302334-main (1).pdf,,no,not_in_screening_set,,not_applicable,yuli_taiwan,yuli_taiwan,"shares cohort with: wang2020b, wang2020c",crossref,no,,"CONFIRMED byte-identical content to wang2020b, same DOI | PDF REMOVED 11 August 2026: redundant re-download of the wang2020b article. Extracted text is identical (46,534 characters, 7 pages); the files differ only in download metadata. | DISPOSITION 11 August 2026: was `duplicate`. Not on the DATA_EXTRACTION_FINAL.xlsx screening list of 90, so this is not an eligibility decision and the row is not counted in the PRISMA eligibility flow. Reinstating it requires a documented screening-list amendment, not a status change.",,,
wang2020b,Wang,2020,Frailty affects employment outcomes in patients with schizophrenia in noncompetitive employment: A 4-year longitudinal study,Schizophrenia Research,10.1016/j.schres.2020.04.026,1-s2.0-S0920996420302334-main.pdf,181ceab7934001ca9d86eba4e51a5194ce20c1debe5ecebfab20cbb541918cb6,yes,include,no,not_applicable,yuli_taiwan,yuli_taiwan,"shares cohort with: wang2020, wang2020c",crossref,yes,18,mean work months and income only; entirely non-competitive institutional work,drafted,,
wang2020c,Wang,2020,Symptomatic remission affects employment outcomes in schizophrenia patients,BMC Psychiatry,10.1186/s12888-020-02630-z,s12888-020-02630-z (1).pdf,5515352816f87da445174be97ff13ec12a7cebe4345f02ab44cb798ec897d1c6,yes,include,no,not_applicable,yuli_taiwan,yuli_taiwan,"shares cohort with: wang2020, wang2020b",crossref,yes,26,cumulative work months only; same cohort as wang2020b,drafted,,
xu2020,Xu,2020,Predictors of outcome in early onset schizophrenia: a 10-year follow-up study,BMC Psychiatry,10.1186/s12888-020-2484-x,s12888-020-2484-x.pdf,dd3966c2648ab51b846d8d5bf16e7d4238f1c149bfb845cf629e487a23b47d76,yes,include,yes,not_applicable,pku_beijing,pku_beijing,,crossref,yes,27,"23/62 CONFIRMED ('Thirty-four (55%), 23 (37%) and 5 (8%) respectively were unemployed, currently employed and currently in school'); the categories are exhaustive and sum exactly to 62, the 65 interviewed minus the 3 who had died, so 62 is an OBSERVED denominator and not a reporting base; proxy report CONFIRMED and quantified: 'The primary informant was a parent, the patient themselves, and another family member for 59, 3, and 3 subjects respectively', and this is recorded as an ascertainment-quality judgement (jbi7_condition_measurement = no) and NOT as a reason to discard the count; 'mean 10.4y' CONFIRMED as printed, but the inference the triage note draws from it is REFUTED: followup_basis = since_baseline with followup_months = 125, so this result IS assigned to the 10-year-or-more horizon. D12.3b concerns a mean time since ONSET or a fixed chronological age and neither applies, since the anchor is hospitalisation in 2006; D12.8 requires one shared calendar end date, which this report nowhere states; and the SD is 0.3 years, so every plausible individual follow-up lies inside the 108-months-and-above band and no cohort is placed in a band on the strength of an average; ADD: this is the ONLY result in F13 that passes every primary-pool gate (employment_selection_status = none, arm_type = cohort, point prevalence, paid_any, schizophrenia, n_employed and n_outcome_observed both present). It requires human verification of two fields before it is relied on: followup_basis and the paid_any construct; ADD, minor: 686.8 person-years is not reproducible from 65 subjects at a mean of 10.4 years (which gives 676); it implies a mean of 10.57 and the discrepancy is unexplained. Does not affect the employment result.",drafted,,
yamaguchi2020,Yamaguchi,2020,Contents and Intensity of Services in Low- and High-Fidelity Programs for Supported Employment: Results of a Longitudinal Survey,Psychiatric Services,10.1176/appi.ps.201900255,yamaguchi-et-al-2020-contents-and-intensity-of-services-in-low-and-high-fidelity-programs-for-supported-employment.pdf,ce3eb59210ef71a5829eacfe0af92f8cfe52d7ae55a4760ef3c6e741449a5ba7,yes,include,yes,not_applicable,jisef_japan,jisef_japan,,crossref,yes,73,"CRITICAL SELECTION CONFIRMED and quoted: 'The eligibility criteria were as follows: clients who were receiving employment services for the first time in each agency; had been diagnosed as having schizophrenia on the basis of the ICD-10; and were between ages 20 and 60 years' (Methods, Participants, p. 474). Entry to a vocational service is the first eligibility criterion, so employment_selection_status = selected with reason vocational_service_entry and the cohort cannot enter the primary pool; 51 of 93 CONFIRMED, with the denominator question answered: 93 is NEITHER a reporting base NOR an observed denominator. It is a count of clients meeting the eligibility criteria; no printed percentage divides by it and no outcome was observed for all 93. The reporting base and the observed denominator coincide at 29 (low fidelity) and 22 (high fidelity), on which every printed percentage reproduces exactly. n_entered is left blank because the report never says how many of the 93 consented and entered, and the flow diagram is in an online supplement not held; the 42 unaccounted-for clients are why analysis_selection_status = unclear with reason incomplete_reporting; ADD, and independent of the selection: the construct is paid_competitive, defined as 'working at least 1 day a month at minimum wage or more' and evidenced by an employment contract, and the ascertainment is cumulative ('N of people who worked / During the past 12 months'), so the result fails the construct gate and the ascertainment gate as well as the population gate; ADD: job retention is reported (13 of 22 high-fidelity and 6 of 29 low-fidelity maintained the initial job for 1 year after starting work) but is anchored to each individual's job start and extends beyond the 12-month follow-up; it is recorded narratively in the row notes because the schema has no job-tenure construct.",drafted,,
zhang2017,Zhang,2017,Integrated Supported Employment for People With Schizophrenia in Mainland China: A Randomized Controlled Trial,American Journal of Occupational Therapy,10.5014/ajot.2017.024802,zhang-et-al-2017-integrated-supported-employment-for-people-with-schizophrenia-in-mainland-china-a-randomized.pdf,391f6e715676806957c554dd17db98a675f6c48166d72b8512aaeafbe092b2ca,yes,include,yes,not_applicable,wuxi_ise_rct,wuxi_ise_rct,,crossref,yes,33,"CRITICAL SELECTION CONFIRMED and quoted, with BOTH triggers present in one criteria list: '(3) unemployed status ... and (7) a desire to work' (Method, Participants, p. 7106165020p2). employment_selection_reason takes a single value and records baseline_employment_status; the verbatim carries both, and the arm rows carry baseline_unemployed_required = yes and baseline_wants_work_required = yes; cumulative employment CONFIRMED: 'The cumulative employment rate at different follow-up periods was also reported', so ascertainment = any_time_during_followup and no point-prevalence count is printed at any timepoint; ADD: the construct is paid_intensity_threshold, not paid_competitive and not paid_any. 'Those who had continuously held competitive employment at least 20 hr/wk for 2 mo or longer were considered employed', so anyone working fewer hours or for a shorter spell counts as not employed and the number in any competitive employment is bounded only by 34 <= x <= 54 (ISE), 27 <= x <= 54 (IPS) and 18 <= x <= 54 (TVR); ADD: n_outcome_observed is NOT recoverable. The report prints no attrition figure of any kind, stating only that 'The participants (n = 162) were subject to intent-to-treat analyses on employment rate ... The drop-out cases were also included', so 54 is recorded as n_entered and reported_percentage_base with denominator_basis = entered, and the row cannot enter the intervention count model without an author reply; ADD: risk of bias is HIGH under RoB 2, on missing outcome data and on selection of the reported result. Registration (NCT03273530) postdates the 2013-2015 trial; the p = .002 printed for ISE versus IPS is not reproducible from 34/54 against 27/54; and the text claims the ISE group had 'significantly higher scores on the BPRS' when Table 2 shows it lowest at every follow-up.",drafted,,
killackey2019,Killackey,2019,Individual placement and support for vocational recovery in first-episode psychosis: randomised controlled trial,The British Journal of Psychiatry,10.1192/bjp.2018.191,individual-placement-and-support-for-vocational-recovery-in-first-episode-psychosis-randomised-controlled-trial.pdf,7d6c03d2c37d95e0d446cfafa3bda53ab696e993fb1539728ae1fffeb281e7e4,yes,include,yes,not_applicable,,eppic_ips_rct,"LIKELY eppic_ips_rct (verify on receipt): parent trial report for clarke2023, which is the quality-of-life paper of the same trial",crossref,yes,29,PDF OBTAINED 11 August 2026. Screened in at xlsx row 29 but absent from the folder. Full text held; eligibility still to be adjudicated.,,,
chan2020,Chan,2020,Ten-year employment patterns of patients with first-episode schizophrenia-spectrum disorders: comparison of early intervention and standard care services,The British Journal of Psychiatry,10.1192/bjp.2019.161,ten-year-employment-patterns-of-patients-with-first-episode-schizophrenia-spectrum-disorders-comparison-of-early-intervention-and-standard-care-services.pdf,5dccdb14cf6fa726a622e152357bbdd8f4ff58439f00ed5c65361fe05adf989b,yes,include,no,not_applicable,,hk_easy_2001,confirmed hk_easy_2001 plus a second cohort hk_standard_care_2000,crossref,yes,30,"PDF OBTAINED 11 August 2026. Screened in at xlsx row 30 but absent from the folder. Employment is the stated outcome at ten years, so this is high priority. Full text held; eligibility still to be adjudicated.",,,
benson2022,Benson,2022,"Unemployment, Homelessness, and Other Societal Outcomes Among US Veterans With Schizophrenia Relapse",The Primary Care Companion For CNS Disorders,10.4088/PCC.21m03173,benson2022.pdf,e3b17b6ec42640957879d38bcb18817ca1e4c11975a63b55e9cb8e2aa6b372e3,yes,include,yes,not_applicable,,us_vha,"CONFIRMED us_vha: identical selection cascade to lin2022 (132,153 / 127,366 / 125,595 / 119,601 / 119,343), identical database, study period and IRB approval, and lin2022 is named as an earlier phase of the same study. Analysed subsets differ: lin2022 matches 102,207 to non-schizophrenia veterans, benson2022 matches 16,862 relapse to 16,862 nonrelapse veterans from the same 119,343.",crossref,yes,32,"PDF OBTAINED 11 August 2026 by printing the free full text from the publisher page; the five figure and table GIFs were appended as pages 3 to 7 (Tables 1-3 then Figures 1-2). Source GIFs kept in the benson2022/ subfolder. Screened in at xlsx row 32 but absent from the folder. See docs/missing_pdfs.md. AUTHORSHIP: the published article page prints Benson C first and Lin D second; Crossref, PubMed (PMID 36126916) and Europe PMC all list Lin D first in an order identical to the sibling BMC Psychiatry paper lin2022, so the deposited metadata appears to have been copied from it. report_id follows the article of record. INCONSISTENT: Table 3 relapse-cohort full-time employment is printed as 5.4 per cent, but 577/16862 is 3.4 per cent and the printed relapse percentages sum to 102.0. The counts are sound (they sum exactly to 16,862); the percentage is the error. Query with the corresponding author.",,,
