report_id,cohort_id,relationship,contributes_results,notes
hansen2024,opus_1998,describes,yes,
hansen2024b,opus_1998,describes,yes,
rautio2016,nfbc1966,describes,yes,
majuri2021,nfbc1966,describes,yes,
thomson2023,carstairs_1992,describes,yes,
darjee2017,carstairs_1992,describes,yes,
fowler2019,isrep_rct,describes,yes,
christensen2019,ips_denmark_rct,describes,yes,
cunningham2025,nz_idi,describes,yes,
twumasi2026,dk_registers_1998,describes,yes,
tarricone2017,bologna_fep,describes,yes,
mihaljevicpeles2016,croatia_rlai,describes,yes,
dayabandara2026,nhsl_colombo_fep,describes,yes,
chen2023,kaisyuan_taiwan,describes,yes,
lin2026,pp1m_asiapac,describes,yes,
dayabandara2026,nhsl_colombo_rec,describes,yes,second of two parallel samples in one report
chan2019,hk_easy_2001,describes,no,"CONFIRMED from the paper: EASY entrants 1 July 2001 to 30 June 2002 with a schizophrenia-spectrum diagnosis, 148 identified, 74.3% interviewed at 10 years (Methods 2.2 and Results, pp. 66-67). No employment count is reported, so no result is contributed."
chan2019,hk_easy_fep_2001_2003,overlaps_with,no,Near-certain participant overlap: the EASY enrolment window of hk_easy_fep_2001_2003 (July 2001 to August 2003) contains this cohort's window. Neither report states the overlap. Recorded so that results from the two cohorts are never pooled.
chan2020,hk_easy_2001,describes,no,"TRIAGE HINT CONFIRMED. The early intervention sample is hk_easy_2001: EASY, 1 July 2001 to 30 June 2002, schizophrenia-spectrum, 148 identified, successful interview rate 74.3% (N = 110), and chan2019 is cited as reference 22 for the same sample (Method, Samples, p. 492; Results, p. 493). No employment count is reported, so no result is contributed."
chan2020,hk_standard_care_2000,describes,no,"Second, separately recruited sample in the same report (standard care first presenters 1 July 2000 to 30 June 2001, individually matched, 148 identified, interview rate 70.3%, N = 104). Two cohort_ids under D12.5 and codebook rule 11, not two subgroup arms. No employment count is reported."
chan2020,hk_easy_fep_2001_2003,overlaps_with,no,Near-certain participant overlap through the early intervention sample; see the chan2019 overlaps_with row.
chan2022,hk_easy_2001,describes,no,"Re-analysis of the same 148 matched pairs; the EIS group (n = 107 of the analysed 209, Table 1, p. 3) is this cohort. No employment count is reported."
chan2022,hk_standard_care_2000,describes,no,"The SCS group (n = 102 of the analysed 209, Table 1, p. 3) is this cohort. The paper's main analysis pools the two cohorts and splits on relapse timing, so it is not a whole-cohort analysis unit for either. No employment count is reported."
chan2022,hk_easy_fep_2001_2003,overlaps_with,no,Near-certain participant overlap through the EIS group; see the chan2019 overlaps_with row.
chang2016,hk_easy_fep_2001_2003,describes,yes,"MANIFEST CORRECTED from hk_easy_2001. 700 EASY enrollees July 2001 to August 2003; 515 with schizophrenia or first-episode psychotic mania; 420 completed 3-year follow-up (Methods 2.1, p. 2; Results, p. 2). Contributes the only two results in batch F01, both blocked by conflict_status = unresolved."
chang2016,hk_easy_2001,overlaps_with,no,"This report's sample near-certainly contains the 148 schizophrenia-spectrum EASY entrants of 1 July 2001 to 30 June 2002 studied by chan2019, chan2020 and chan2022. Neither report states the overlap. Its results must not be pooled with any hk_easy_2001 result."
chang2016b,hk_easy_ext_rct,describes,no,"MANIFEST CORRECTED from hk_easy_2001. Randomised trial of a 1-year extension of EI versus step-down care in patients who had already completed the 2-year EASY programme (n = 160 randomised, 156 analysed; Methods 2.1, p. 80). Employment is reported only inside the composite functional remission outcome, so no result is contributed."
evensen2017,jump_norway,describes,yes,CONFIRMED from the paper. Whole 148-starter cohort; the 2-year employment counts and the 139 observation denominator.
gjerdalen2023,jump_norway,describes,yes,CONFIRMED. Same 148 participants followed to 5 years by register linkage.
evensen2019,jump_norway,secondary_analysis,yes,CONFIRMED. Cost-effectiveness analysis on the 69 who consented to register extraction; contributes the cumulative-attainment result only.
lystad2017,jump_norway,secondary_analysis,no,"CONFIRMED. The 131 with neurocognitive assessment. No employment count is recoverable (Figure 3 has no data labels), so it contributes construct definitions only."
klungsyr2021,jump_norway,secondary_analysis,no,CONFIRMED. G-estimation on the same 131. Outcome is mean working hours per week; no employment numerator or denominator exists.
ayesaarriola2020,pafip_spain,describes,no,"CONFIRMED, not refuted: same PAFIP programme, hospital and city as mayoralvanson2019, and both cite Pelayo-Teran et al. 2008 as the programme description. Contributes no result because the 8-to-16 year denominators are not printed and are recoverable only by back-calculation from a percentage. Supplies the cohort's eligibility criteria, diagnostic method and recruitment window."
mayoralvanson2019,pafip_spain,describes,yes,"CONFIRMED. Sole contributor of a 12-month paid-employment count for this cohort. Result selection at the 12-month landmark was uncontested: ayesaarriola2020, the only sibling, reports no recoverable employment count at any horizon."
nossel2018,ontracky_ny,describes,yes,"CONFIRMED. Contributes paid_any and paid_competitive at 6 months, which falls in no landmark window. No competition with basaraba2023: different construct and different timepoints."
basaraba2023,ontracky_ny,describes,yes,"CONFIRMED. Contributes the employment-or-education-or-training composite at eight quarterly timepoints. Participants contain nossel2018's; the two reports must not be treated as independent samples. Result selection within construct and horizon: at the 12-month landmark the 12-month row is an exact landmark hit and beats the 9- and 15-month rows on proximity (D11.2); at the 24-month landmark the 24-month row is an exact hit and beats 18 and 21 months, and 18 months would in any case be assigned to the 24-month band by D11.1."
lin2022,us_vha,describes,no,"CONFIRMED. Contributes no result: unemployment percentages only, in a bar chart, with no counts and no stated denominator, and employment is not the complement of unemployment in this data source."
benson2022,us_vha,describes,yes,"TRIAGE HINT CONFIRMED FROM THE PAPER, not assumed. benson2022's Figure 1 reproduces lin2022's selection cascade number for number (132,153; 127,366; 125,595; 119,601; overall schizophrenia cohort 119,343) from the same VHA Corporate Data Warehouse over the same study period, under the same Veterans Affairs Central IRB approval 1478231-1, and describes lin2022 as 'An early phase of this study'. Same cohort, different analysed subsets. Contributes paid_any for the relapse and nonrelapse subgroups; neither is a whole recruited cohort, so neither can enter the primary prevalence estimand."
killackey2019,eppic_ips_rct,describes,yes,"TRIAGE HINT CONFIRMED FROM THE PAPERS. killackey2019 is the parent trial report of eppic_ips_rct: Australian and New Zealand Clinical Trials Registry ACTRN12608000094370, 171 assessed for eligibility, 25 excluded, 146 randomised 1:1 to 6 months of IPS plus TAU or TAU alone at the Early Psychosis Prevention and Intervention Centre, Melbourne, assessed at baseline, 6, 12 and 18 months (Method, pp. 76-78). clarke2023 cites the identical registry number, the identical 171/25/146 flow and killackey2019 itself as its reference 11 (clarke2023, Materials and methods, Design, p. 771; Results, p. 772). Contributes two 6-month arm-level results."
clarke2023,eppic_ips_rct,secondary_analysis,yes,Secondary analysis of the 18-month data of the same trial; 145 of the 146 randomised (one excluded for missing quality-of-life data) with the 100 who had complete 18-month follow-up data analysed. Contributes the only 18-month employment count for this cohort (37/100).
harrow2017,chicago_followup,describes,yes,"CONFIRMED. Derived from the Chicago Followup Study: 139 initially psychotic patients (70 schizophrenia including 9 schizoaffective, 69 psychotic mood disorder), consecutive acute admissions to two Chicago-area hospitals, followed at 2, 4.5, 7.5, 10, 15 and 20 years post-index hospitalisation (Method, p. 268). Contributes two 20-year medication-defined subgroup counts."
jones2024,chicago_followup,secondary_analysis,no,"CONFIRMED same cohort: the Parent study section describes the CLRP initiated in 1970 at two Chicago hospitals (Illinois State Psychiatric Institute and Michael Reese Hospital), evaluated at index hospitalisation and six follow-ups at approximately 2, 4.5, 7.5, 10, 15 and 20 years, and cites Harrow, Jobe, Faull & Yang 2017 among the parent-study references (p. 2446). Analyses 256 participants, a larger overlapping subsample than harrow2017's 139. Contributes no result: work appears only as mean ordinal scores by latent class and as GEE coefficients."
khare2022b,pune_public,describes,yes,"CONFIRMED. The employment article of the pair: 150 individuals with SMI recruited at the psychiatry out-patient department of Regional Mental Hospital, Pune, with 107 (71.3%) completing the 1-year follow-up (Results, p. 239). Contributes the derived 12-month paid_any count 53/107."
khare2022,pune_public,describes,no,"CONFIRMED same cohort: identical site, identical five-item inclusion criteria, the same 150 enrolled participants and the same 11-13 month follow-up window, and khare2022 cites the khare2022b study as its companion employment report (Method 2.1 and 2.2, p. 2). Contributes no result under the SAP section 5 selection rule: its counts are for the MoCA subsample split at the median age (24/51 and 22/43 at follow-up, total 46 of 94), a smaller analysis population than khare2022b's whole-cohort 53 of 107 at the same 12-month timepoint."
strassnig2017,suffolk_county,describes,no,"Produces one extracted result row, but it is blocked by conflict_status = unresolved and no numerator is recoverable. The selected suffolk_county result at the 240-month horizon comes from strassnig2018 (larger analysis population, counts that reproduce printed percentages), per SAP section 5 and D11.2."
strassnig2018,suffolk_county,describes,yes,"Selected report for suffolk_county at 240 months. Both reports measure the same construct at the same nominal timepoint on the same cohort, so only one may contribute; 146 + 87 = 233 against strassnig2017's 128, and strassnig2017's numerator is unrecoverable."
wang2020b,yuli_taiwan,describes,no,Eligible participants but no recoverable employment numerator or denominator; employment appears only as mean cumulative work months and income per year.
wang2020c,yuli_taiwan,describes,no,Overlapping analysis sample with wang2020b (525 against 561). No recoverable employment numerator or denominator.
andersen2024,headspace_hep_fep_au,describes,yes,Sole report of this cohort in the batch. Two timepoints (9 and 12 months) fall in the t12m band; 12 months is nearer the landmark and is selected under D11.2.
andersen2024,headspace_hep_uhr_au,describes,no,"Ultra-high-risk cohort, diagnosis_group = chr, barred from the primary synthesis outright by SAP section 7. No results extracted; the figures are in Table 2, p. 880."
andersen2026,dk_eop_pooled,describes,yes,Sole report of this cohort. Results are period prevalence at a variable elapsed follow-up and are not assignable to a landmark horizon.
baltazar2022,iusmm_montreal,describes,yes,"Triage hint CONFIRMED from the paper: 'The patients included in this cohort lived in the catchment area of the Institut Universitaire en Sante Mental de Montreal (or IUSMM)' (Method, Sample, p. 1320). Fourth wave (T4) of a cohort first reported by Nicole 1992."
bell2018,va_ct_vr,describes,yes,"Triage hint CONFIRMED with one qualification: the sample is not exclusively VA. 64 of 77 were veterans at VA Connecticut Healthcare System and 13 were non-veterans recruited from Connecticut Mental Health Center under the same protocol. One cohort, two sites."
bhullar2018,pepp_ontario_1997,describes,yes,"Triage hint CONFIRMED: clients of PEPP, London, Canada, admitted for initial treatment between March 1997 and February 2002. The authors call the work 'a secondary analysis of data', but the 10-year occupational and employment counts are printed here, so the relationship is `describes`."
blackman2025,nimh_ctnb,describes,yes,"Triage hint CONFIRMED: participants 'had volunteered in a Clinical and Translational Neuroscience Branch (CTNB) study at the National Institute of Mental Health (NIMH) Intramural Research Program' (Methods 2.1, p. 2)."
bonnesen2026,cross_tracks_dk,describes,yes,"Triage hint CONFIRMED: 'Register-based data were obtained from the CROSS-TRACKS cohort' (Abstract; Methods, Study design and population)."
conus2017,eppic_melbourne_1998,describes,yes,"Triage hint CONFIRMED: FEPOS, 'an audit of the files of all patients who were treated at the Early Psychosis Prevention and Intervention Centre (EPPIC) between 1998 and 2000' (Introduction, p. 1090)."
cook2016,eidp_usa,describes,yes,"Long-term SSA-linked follow-up of 449 of the 1,648 EIDP participants, from six of the eight sites."
cook2016,hartford_ips_rct,overlaps_with,no,"The Hartford trial is one of the eight EIDP sites (detore2019 acknowledgements, EIDP cooperative #UD7 SM51818), so its participants are EIDP participants. Whether any are among these 449 cannot be determined because the six contributing sites are not named. Do not pool eidp_usa with hartford_ips_rct."
detore2019,hartford_ips_rct,describes,yes,"Secondary analysis of the Hartford supported employment trial (Mueser et al. 2004), IPS arm only."
detore2019,eidp_usa,overlaps_with,no,"Acknowledgements: 'This project was one of eight controlled trials of vocational rehabilitation programs, supported by cooperative #UD7 SM51818 ... as part of the Employment Intervention Demonstration Program (EIDP).' Evidenced overlap with the EIDP cohort described by cook2016."
domenicano2025,eis_ferrara,describes,yes,Confirmed from Methods 2.1-2.2 and Figure 1.
drake2015,ct_dual_diagnosis,describes,yes,Describes the schizophrenia-spectrum subgroup (150) of the 198 enrolled; both randomised case-management arms merged.
falk2016,stockholm_2005,describes,yes,"Confirmed from Materials and methods, Study population, p. 260."
fulford2018,raise_etp,secondary_analysis,yes,A secondary cross-lagged panel analysis of RAISE-ETP; the trial's own outcome reports are cited as references 33-35 and are not in this batch.
greenwood2025,eye2_trial,describes,yes,"Triage hint CONFIRMED. 'This study was a multicentre, single-blind, parallel-group cluster randomised controlled trial' of 20 EIP teams at five UK NHS sites, 1027 patients. The manifest note is also confirmed in both its parts: the trial IS cluster randomised, and employment appears only as an adjusted mean number of days in a multiply-imputed consenting subsample of 232."
hakulinen2019,dk_registers_birth,describes,yes,"Triage hint CONFIRMED as a cohort identification: 'Nationwide cohort study including all individuals (n = 2,390,127) born in Denmark between 1955 and 1991, who were alive at their 25th birthday', with 9448 diagnosed with schizophrenia between ages 15 and 25. The supplement claim in the manifest note is REFUTED as a statement about the held evidence: the Online Appendix is not in the PDF. See manifest_changes.csv."
hakulinen2020,fi_registers_scz,describes,yes,"Triage hint fi_registers CONFIRMED as Finnish national registers but REFINED into two cohort_ids. This row carries the schizophrenia case group (6,939), which is a complete national ascertainment of first hospitalisations for ICD-10 F20 in Finland 1988-2015 with its own separately drawn matched control group. See manifest_changes.csv for the reasoning and for why the split changes nothing about pool eligibility."
hakulinen2020,fi_registers_nonaff,describes,yes,"The other nonaffective psychosis case group (34,565), ascertained by the same operation on a disjoint set of ICD-10 codes (F22-F29) and mutually exclusive with fi_registers_scz by the authors' own rule. The third case group, bipolar disorder (9,047), is NOT given a cohort row: F30-F31 is not a qualifying psychosis diagnosis and the group would fail SAP section 7 outright. Its printed year-0 employment figure, 43% (N = 3,875), is therefore recorded nowhere; it is noted here so that its omission is visible rather than silent."
hui2026,hk_jcep_2009,secondary_analysis,yes,"Triage hint CONFIRMED, with the age range confirmed too: '360 adults experiencing FEP were consecutively recruited from June 2009 to August 2011 as part of a 4-year randomized controlled trial under the Jockey Club Early Psychosis (JCEP) project in Hong Kong', 'the JCEP project was designed to include individuals aged 26-55 years'. relationship = secondary_analysis rather than describes: this is a financial-deprivation analysis of a subset of a trial cohort reported in full elsewhere (Hui et al. Psychol Med 2023;53:2339-2351, the report's reference 28)."
jackel2025,vivantes_berlin_rct,describes,yes,Triage hint CONFIRMED in all three parts. Monocentre RCT at Klinikum am Urban Berlin (DRKS00018107); the outcome is a composite EET; the work-motivation selection is real and is coded `selected`; and the counts 36/46 versus 24/44 are printed verbatim in Results 3.2.
jirapramukpitak2022,bangkok_licm,describes,yes,"Triage hint CONFIRMED, and the batch question answered: the early-stage and later-stage groups are ONE recruited cohort, not two. All 551 were recruited through the same three sources into one catchment-area sample, 2 were excluded for incomplete data, and the 549 were then split post hoc on the number of past psychotic relapses ('Analyses were stratified by the number of previous psychotic relapse'). They therefore take subgroup arms of one cohort_id, not two cohort_ids (D12.5, which reserves separate cohorts for independently recruited samples with prospectively applied mutually exclusive entry definitions)."
khare2021,pune_private,describes,yes,Twelve-month follow-up of the cohort whose baseline is Khare et al. 2020.
leighton2019,national_eden,describes,yes,Model development and internal-external validation cohort; the only cohort from which leighton2019 contributes a result.
leighton2019,opus_1998,validation_sample,no,"OPUS is used only to externally validate models developed on EDEN. leighton2019 prints vocational recovery 173/553 (31 per cent) at 1 year for OPUS (Table 1, p. e265). NO RESULT ROW IS CREATED for opus_1998 from this report: opus_1998 is already extracted from its own reports hansen2024 and hansen2024b, and pooling a validation-exercise figure alongside the cohort's own report would double count the same participants. If the review wants an OPUS 12-month EET result it must come from an OPUS report (Petersen et al. 2005), not from here. Note also that the figure is an EET composite, so it could never enter the paid_any primary pool in any case."
leighton2019,crisp_glasgow,validation_sample,no,"leighton2019 does not report crisp_glasgow separately: it pools it with glasgow_edinburgh_2006 into one 'Scottish' validation sample and prints vocational recovery 59/142 (42 per cent). That pooled figure spans two independently recruited cohorts and cannot be assigned to either, and leighton2019b reports both separately (32/75 and 27/67, which sum exactly to 59/142). No result row is created here."
leighton2019,glasgow_edinburgh_2006,validation_sample,no,Second half of leighton2019's pooled 'Scottish' validation sample of 162. See the crisp_glasgow row. No result row is created here.
leighton2019b,crisp_glasgow,describes,yes,"Training dataset, n=83 entered, 75 with the 12-month EET outcome. Report of record for CR:ISP."
leighton2019b,glasgow_edinburgh_2006,secondary_analysis,yes,"Validation dataset, n=79 entered, 67 with the 12-month EET outcome. The cohort itself was recruited to an earlier study reported in full elsewhere (Gumley et al. 2014, Br J Psychiatry 205:60-67), which is why the relationship is secondary_analysis rather than describes; leighton2019b is nonetheless the only report of this cohort in the batch and prints its own outcome counts. Second of two parallel samples in one report."
liangrong2021,sunyatsen_guangzhou,describes,yes,
lindgren2020,helsinki_eps,describes,yes,
luo2019,changsha_act_rct,describes,yes,"Allocated arms only; no whole-cohort prevalence row, because the ACT intervention was employment-targeted."
maguire2021,eppic_melbourne_2011,describes,yes,"CONFIRMED from the paper, not from the triage hint. 'All eligible clients registered with EPPIC between 1 January 2011 and 31 December 2016 were included'; 1220 presented, 1196 with complete place-of-birth data. One recruited cohort, split post hoc by country of birth, so one cohort_id with two subgroup arms and NOT two cohorts under D12.5: the split is not a second recruitment."
majuri2023,nfbc1966,describes,no,"CONFIRMED as the Northern Finland Birth Cohort 1966, the same cohort as the piloted rautio2016 and majuri2021: 'The study was based on the Northern Finland Birth Cohort 1966 (NFBC1966), which is an unselected, general population sample comprising 12,058 live-born children with expected dates of birth in 1966 in the provinces of Oulu and Lapland' (Methods, Sample, p. 66). This corroborates the existing employment_selection_status = none on the cohort row in data/extraction_cohorts.csv; no change is proposed to that row. contributes_results = no: the report yields only latent employment-trajectory class membership over ages 16 to 45, which is not a prevalence at a timepoint. RESULT SELECTION ACROSS THE THREE NFBC1966 REPORTS RESOLVES TO NO CHANGE. There is no competing pair to choose between at any horizon: majuri2023 contributes no result at all; rautio2016's 18/161 is paid_intensity_threshold, period prevalence over a 24-month window, measured at chronological age 44-45 and therefore barred from every horizon by D12.3b; and majuri2021's 15/170 and 17/91 are an `unclear` construct with any_time_during_followup ascertainment on the dp_psychiatric subgroup arm, a different cell of (horizon, ascertainment, construct) again. Nothing in majuri2023 bears on rautio2016's '<25 per cent' band problem (D12.3) or on its age-anchored measurement (D12.3b), so neither finding is contradicted."
martini2017,saopaulo_prevoc,describes,yes,"CONFIRMED. One recruited convenience sample of 53 people with schizophrenia drawn from two Sao Paulo outpatient services, all of whom completed the same prevocational training group. Employment-selected, so it can contribute only to a separately labelled selected-population analysis, and its only whole-cohort result is additionally blocked as unresolved."
mcgurk2016,brooklyn_tsw_rct,describes,yes,"CONFIRMED. Allocated arms only. NO whole-cohort prevalence row is created, for two independent reasons: the recruited sample is employment-selected under D9, and the experimental intervention (Thinking Skills for Work added to vocational rehabilitation) is specifically intended to change employment, which fails the SAP 2.1 trial-derived whole-cohort safeguard."
mervis2017,institute_living_rct,describes,yes,"CONFIRMED as one randomised sample of 64. Allocated arms only; no whole-cohort row, because the sample is employment-selected and IVIP is an employment-targeted intervention. See the cohort row's overlap_notes for the unresolved discrepancy between the slug institute_living_rct and the report's own statement that recruitment was from clinics affiliated with the New York State Psychiatric Institute."
moncrieff2025,radar_trial,secondary_analysis,yes,"CONFIRMED. 'The current paper presents a secondary analysis of data from a 24-month randomised trial' and 'The present analysis treats participants recruited to the trial as a single cohort', so relationship = secondary_analysis rather than describes; the main RADAR trial report is cited as reference 33. The whole-cohort EET row is derived by summing the two post-randomisation relapse subgroups, which partition the cohort exactly (82 + 171 = 253 entered, 66 + 124 = 190 observed); reconstructing the whole cohort is not the same as SELECTING a post-randomisation subgroup, which is what SAP 2.1 bars."
mucci2021,nirp_italy,describes,yes,"CONFIRMED from the paper: the 4-year follow-up of the Italian Network for Research on Psychoses cohort, 618 of the 921 recruited at baseline."
nakamura2025,kariya_daycare,describes,yes,"CONFIRMED: single-site cognitive remediation cohort at Kariya Hospital psychiatric day care, Aichi, Japan."
pedersen2025,opus_2014,describes,yes,"CONFIRMED and DISAMBIGUATED. The cohort is the routine Danish OPUS early-intervention service at Aarhus and Aalborg, OPUS start dates 1 Jan 2014 to 31 Dec 2019. It is a different sample from opus_1998, the 1998-2000 OPUS randomised trial; the windows do not overlap and OPUS admits only incident patients. Two arms, not two cohorts: both groups share one entry definition and differ only by site and intervention."
peebo2022,tallinn_fep,describes,yes,"CONFIRMED: the prospective first-episode integrative-treatment cohort, 199 admitted March 2004 to February 2008."
peebo2022,tallinn_fep_tau,describes,no,"The retrospectively formed treatment-as-usual comparison group (n = 114 after 2 exclusions). Separately assembled from patients of other departments, so it is a second cohort under D12.5 rather than a subgroup arm. It contributes NO result: its only employment outcome is a mean total duration of employment in months over the 10-year follow-up."
petrakis2019,stvincents_ips,describes,yes,"CONFIRMED: the whole IPS programme caseload at St Vincent's Hospital Melbourne, March 2006 to February 2013, N = 137 referred and engaged, 136 analysed."
ringbom2023,fi_birth_1987,describes,yes,"CONFIRMED: the 1987 Finnish Birth Cohort, restricted to the 288 members diagnosed with a nonaffective psychotic disorder in 2004-2007. Overlaps Finnish nationwide register cohorts (fi_registers) which are not independent of it."
rodriguezpulido2021,tenerife_cr_rct,describes,yes,"CONFIRMED from the paper. Single randomised sample of 57 consenting participants assigned to CR+IPS (n=28) and IPS alone (n=29) on the island of Tenerife; one recruited cohort, two allocated arms, no second independently recruited sample."
shimada2022,nagano_iot_rct,describes,yes,"CONFIRMED from the paper. Five-year follow-up of the baseline IOT randomised trial (Shimada et al. 2018), 136 randomised at six Nagano hospitals, 102 analysed at five years. One recruited cohort. The baseline trial report is a sibling publication of this cohort and is not in the frozen 90-report set under batch F12."
solmi2022,se_registers,describes,yes,"CONFIRMED from the paper. One nationwide Swedish register cohort of 21,551 incident first-episode nonaffective psychosis cases 2006-2016. No participant overlap with parachute_sweden, stockholm_2000 or stockholm_2005; see the cohort overlap_notes."
stouten2019,parnassia_hague,describes,yes,"CONFIRMED from the paper. One recruited sample of 162 first-episode patients at the Parnassia Centre for Early Psychosis, The Hague. The Dutch, second-generation and first-generation groups are a post-hoc split of that single sample by migration background, so under D12.5 they are subgroup arms of ONE cohort, not three cohorts."
stralin2019,parachute_sweden,describes,yes,"CONFIRMED from the paper. The Parachute project cohort, 175 enrolled of 253 eligible FEP cases across 17 Swedish clinics 1996-97, 161 with complete register records at year 13."
topor2019,stockholm_2000,describes,yes,"CONFIRMED from the paper, with a qualification. The cohort is the 447-person first-diagnosis-2000-2004 subsample of the larger SUPP study of 1,480 persons; the SUPP parent sample is a wider cohort that this report does not analyse. The two reported groups (institutional recovery n=53, ongoing institutionalisation n=159) are post-hoc subgroups defined by service contact during follow-up, not separately recruited cohorts."
tsiachristas2016,oxford_ahsn,describes,yes,"Cohort CONFIRMED. 'A longitudinal retrospective observational study was conducted to compare the costs and effects of EIP services with other community mental health teams (CMHTs) over a 3-year period (April 2010-March 2013) in the Oxford Academic Health Science Network (AHSN) region' (Methods, p. 2), covering 3.3 million people in Berkshire, Buckinghamshire, Milton Keynes, Oxfordshire and Bedfordshire. Contributes two results, both blocked by an unresolved denominator conflict and both without any recoverable count."
turner2019,detect_dublin,describes,yes,"Cohort CONFIRMED as the DETECT early intervention for psychosis service in Dublin: the author affiliations are 'Detect, St John of Gods, Dublin, Ireland', 'all cases of suspected FEP presenting to secondary mental health services in a geographical area were referred to the EIPS' and the admission process is that described by Renwick et al. (2015) (Methods, Recruitment, p. 116). The prospective follow-up study reported here is distinct from the matched historical-control study of the same programme published as Turner, O'Callaghan and Clarke (2016), which is not held; if that report is ever staged it shares this cohort_id and the historical controls are a separate sample."
xu2020,pku_beijing,describes,yes,"Cohort CONFIRMED. 'The source population for this study was patients hospitalized at Peking University Institute of Mental Health in 2006 ... Patient records numbered 14,001 to 15,000 were consecutively assessed' (Methods, Inclusion criteria, p. 2 of 9). Single centre, single admission year, no linkage to any other staged report."
yamaguchi2020,jisef_japan,describes,yes,"Cohort CONFIRMED as the JiSEF fidelity and service-process study: 'Through the scale development research for the JiSEF, we identified 25 agencies that at least partially provided supported employment programs for people with mental illness. Of these, 13 programs participated in the study' (Methods, Overall Design, p. 474). Participants may overlap with the Japanese pilot process study (Yamaguchi et al. 2017, Jpn J Psychiatr Rehabil) and possibly with the cognitive-remediation-plus-supported-employment RCT (Yamaguchi et al. 2017, Psychol Med); neither is held or staged, so no overlaps_with row can be written against a cohort that does not exist in this schema."
zhang2017,wuxi_ise_rct,describes,yes,"Cohort CONFIRMED. 'Between 2013 and 2015, 162 participants were recruited from Wuxi Mental Health Center' and randomised three ways; registered as NCT03273530 (Method, Participants, p. 7106165020p2; Acknowledgment, p. 7106165020p6). Two earlier pilot studies of the same programme at the same centre are cited (Li et al. 2013; Lu et al. 2015) and are not held; participant overlap with them is not stated."
