"horizon","analysis","label","n_results","n_cohorts","identical_to_primary","cohorts","sample_status","generated"
"t12m","unclear_selection_included","Cohorts with unclear employment selection admitted",3,3,FALSE,"pafip_spain;pune_private;pune_public","full","2026-10-01"
"t12m","trial_derived_excluded","All trial-derived cohorts excluded",2,2,TRUE,"pune_private;pune_public","full","2026-10-01"
"t24m","unclear_selection_included","Cohorts with unclear employment selection admitted",0,0,TRUE,"","full","2026-10-01"
"t24m","trial_derived_excluded","All trial-derived cohorts excluded",0,0,TRUE,"","full","2026-10-01"
"t60m","unclear_selection_included","Cohorts with unclear employment selection admitted",0,0,TRUE,"","full","2026-10-01"
"t60m","trial_derived_excluded","All trial-derived cohorts excluded",0,0,TRUE,"","full","2026-10-01"
"t60m","interval_aware_timing","POST HOC (D16): author-supplied observations admitted where the whole elapsed-time interval lies inside the horizon band; does not replace the prespecified primary",1,1,FALSE,"fi_registers_scz","full","2026-10-01"
"t120m","unclear_selection_included","Cohorts with unclear employment selection admitted",3,3,TRUE,"carstairs_1992;pepp_ontario_1997;pku_beijing","full","2026-10-01"
"t120m","trial_derived_excluded","All trial-derived cohorts excluded",3,3,TRUE,"carstairs_1992;pepp_ontario_1997;pku_beijing","full","2026-10-01"
"t120m","interval_aware_timing","POST HOC (D16): author-supplied observations admitted where the whole elapsed-time interval lies inside the horizon band; does not replace the prespecified primary",4,4,FALSE,"carstairs_1992;fi_registers_scz;pepp_ontario_1997;pku_beijing","full","2026-10-01"
