"horizon","k_cohorts","setting","varied","intercept_mean","intercept_sd","tau_sd","estimate","interval_lo","interval_hi","predictive_new_cohort_lo","predictive_new_cohort_hi","tau_median","tau_lo","tau_hi","sample_status","prior_hash","result_status"
"t12m",2,"primary","primary",-1.1,0.8,0.5,0.528433540307061,0.294578926815858,0.658817508594055,0.18192289300217,0.770124817481209,0.429865,0.087505025,1.10977475,"DEFINITIVE EXTRACTION IN PROGRESS - NOT FOR INFERENCE","f2be5387","PROVISIONAL, PRE-FREEZE - NOT FOR CITATION"
"t12m",2,"grid_intercept_mean_-1.4","intercept_mean",-1.4,0.8,0.5,0.512521493884562,0.266143376772477,0.643644097943117,0.162614319868827,0.771850301923784,0.453889,0.0907008325,1.1311335,"DEFINITIVE EXTRACTION IN PROGRESS - NOT FOR INFERENCE","48bfc7e1","PROVISIONAL, PRE-FREEZE - NOT FOR CITATION"
"t12m",2,"grid_intercept_mean_-0.8","intercept_mean",-0.8,0.8,0.5,0.542530849806506,0.32936763242117,0.664010733485405,0.20763435557308,0.779506508616885,0.3994755,0.06565344,1.055192,"DEFINITIVE EXTRACTION IN PROGRESS - NOT FOR INFERENCE","ecbdd225","PROVISIONAL, PRE-FREEZE - NOT FOR CITATION"
"t12m",2,"grid_intercept_sd_0.5","intercept_sd",-1.1,0.5,0.5,0.441248653278224,0.234008928094769,0.599939186361923,0.104652447638528,0.749009993503928,0.567705,0.152092575,1.25871225,"DEFINITIVE EXTRACTION IN PROGRESS - NOT FOR INFERENCE","f24f7ef6","PROVISIONAL, PRE-FREEZE - NOT FOR CITATION"
"t12m",2,"grid_intercept_sd_1.5","intercept_sd",-1.1,1.5,0.5,0.56608805045533,0.360477451122057,0.714384949189729,0.245823981453135,0.810514163198222,0.383952,0.0690009825,1.0220735,"DEFINITIVE EXTRACTION IN PROGRESS - NOT FOR INFERENCE","d268a1e9","PROVISIONAL, PRE-FREEZE - NOT FOR CITATION"
"t12m",2,"grid_tau_sd_0.25","tau_sd",-1.1,0.8,0.25,0.557128190757789,0.404437735438791,0.650182192047245,0.329119969149537,0.716670765910722,0.2651025,0.0447441475,0.6026324,"DEFINITIVE EXTRACTION IN PROGRESS - NOT FOR INFERENCE","41676adf","PROVISIONAL, PRE-FREEZE - NOT FOR CITATION"
"t12m",2,"grid_tau_sd_1","tau_sd",-1.1,0.8,1,0.485565112331438,0.197135602580215,0.657433775860302,0.0637883466859323,0.845611475755503,0.6509235,0.1206979,1.99964925,"DEFINITIVE EXTRACTION IN PROGRESS - NOT FOR INFERENCE","358896d6","PROVISIONAL, PRE-FREEZE - NOT FOR CITATION"
"t12m",2,"weak","weak",0,5,2,0.573528600580531,0.128706082320406,0.906610726776125,0.0301222075083134,0.977419254919747,0.8321325,0.12209405,3.430283,"DEFINITIVE EXTRACTION IN PROGRESS - NOT FOR INFERENCE","e5d9fb27","PROVISIONAL, PRE-FREEZE - NOT FOR CITATION"
"t120m",3,"primary","primary",-1.1,0.8,0.5,0.225946980681985,0.093770204969603,0.450765888195301,0.022244460589693,0.783380567451936,1.09815,0.656115625,1.722613,"DEFINITIVE EXTRACTION IN PROGRESS - NOT FOR INFERENCE","f2be5387","PROVISIONAL, PRE-FREEZE - NOT FOR CITATION"
"t120m",3,"grid_intercept_mean_-1.4","intercept_mean",-1.4,0.8,0.5,0.205034575891606,0.0794373611777055,0.418475435121276,0.0196922306825291,0.759598147259827,1.109895,0.65752825,1.7156715,"DEFINITIVE EXTRACTION IN PROGRESS - NOT FOR INFERENCE","48bfc7e1","PROVISIONAL, PRE-FREEZE - NOT FOR CITATION"
"t120m",3,"grid_intercept_mean_-0.8","intercept_mean",-0.8,0.8,0.5,0.24782707994977,0.105976589313409,0.475410998996253,0.0259725999709649,0.797112951501945,1.09626,0.645863425,1.7149725,"DEFINITIVE EXTRACTION IN PROGRESS - NOT FOR INFERENCE","ecbdd225","PROVISIONAL, PRE-FREEZE - NOT FOR CITATION"
"t120m",3,"grid_intercept_sd_0.5","intercept_sd",-1.1,0.5,0.5,0.237100899210746,0.122199998060312,0.403810183892625,0.0261482357870665,0.757528777951497,1.07718,0.646945625,1.6852405,"DEFINITIVE EXTRACTION IN PROGRESS - NOT FOR INFERENCE","f24f7ef6","PROVISIONAL, PRE-FREEZE - NOT FOR CITATION"
"t120m",3,"grid_intercept_sd_1.5","intercept_sd",-1.1,1.5,0.5,0.216489909874023,0.0676466545765082,0.483116913335337,0.0162434132422258,0.790459642341513,1.12174,0.660128375,1.763047,"DEFINITIVE EXTRACTION IN PROGRESS - NOT FOR INFERENCE","d268a1e9","PROVISIONAL, PRE-FREEZE - NOT FOR CITATION"
"t120m",3,"grid_tau_sd_0.25","tau_sd",-1.1,0.8,0.25,0.246781877083804,0.125094166371584,0.412143943608384,0.059310842865201,0.622809762817942,0.6993415,0.440293975,1.0186385,"DEFINITIVE EXTRACTION IN PROGRESS - NOT FOR INFERENCE","41676adf","PROVISIONAL, PRE-FREEZE - NOT FOR CITATION"
"t120m",3,"grid_tau_sd_1","tau_sd",-1.1,0.8,1,0.221921277530972,0.0776416180592155,0.487706406969737,0.00666298025000896,0.925703122861348,1.638195,0.886894925,2.85262625,"DEFINITIVE EXTRACTION IN PROGRESS - NOT FOR INFERENCE","358896d6","PROVISIONAL, PRE-FREEZE - NOT FOR CITATION"
"t120m",3,"weak","weak",0,5,2,0.157528292927391,0.00541507505398079,0.827997977270394,0.000169534930706147,0.993270188173335,2.57042,1.1461885,5.0974235,"DEFINITIVE EXTRACTION IN PROGRESS - NOT FOR INFERENCE","e5d9fb27","PROVISIONAL, PRE-FREEZE - NOT FOR CITATION"
